[{"__symbolic":"module","version":3,"metadata":{"BoundTextbox":{"__symbolic":"class","decorators":[{"__symbolic":"call","expression":{"__symbolic":"reference","module":"@angular/core","name":"Component"},"arguments":[{"selector":"bound-textbox","template":"<h1>Bound Textbox</h1><input [value]=\"text\" (keyup)=\"typing($event)\" /><span>{{text}}</span>"}]}],"members":{"typing":[{"__symbolic":"method"}]}}}},{"__symbolic":"module","version":1,"metadata":{"BoundTextbox":{"__symbolic":"class","decorators":[{"__symbolic":"call","expression":{"__symbolic":"reference","module":"@angular/core","name":"Component"},"arguments":[{"selector":"bound-textbox","template":"<h1>Bound Textbox</h1><input [value]=\"text\" (keyup)=\"typing($event)\" /><span>{{text}}</span>"}]}],"members":{"typing":[{"__symbolic":"method"}]}}}}]