{"summaries":[{"symbol":{"__symbol":0,"members":[]},"metadata":{"__symbolic":"class"},"type":{"summaryKind":1,"type":{"reference":{"__symbol":0,"members":[]},"diDeps":[{"isAttribute":false,"isHost":false,"isSelf":false,"isSkipSelf":false,"isOptional":false,"token":{"identifier":{"reference":{"__symbol":1,"members":[]}}}}],"lifecycleHooks":[]},"isComponent":true,"selector":"ng-component","inputs":{},"outputs":{},"hostListeners":{},"hostProperties":{},"hostAttributes":{},"providers":[],"viewProviders":[],"queries":[],"viewQueries":[],"entryComponents":[],"changeDetection":1,"template":{"animations":[],"ngContentSelectors":[],"encapsulation":2},"wrapperType":null,"componentViewType":{"__symbol":2,"members":[]},"rendererType":{"__symbol":3,"members":[]},"componentFactory":{"__symbol":4,"members":[]}}}],"symbols":[{"__symbol":0,"name":"HttpSample","filePath":"/Users/tor/Development/angular-2-samples/components/http/http.d.ts"},{"__symbol":1,"name":"Http","filePath":"/Users/tor/Development/angular-2-samples/node_modules/@angular/http/typings/http.d.ts"},{"__symbol":2,"name":"View_HttpSample_0","filePath":"/Users/tor/Development/angular-2-samples/components/http/http.ngfactory.d.ts"},{"__symbol":3,"name":"RenderType_HttpSample","filePath":"/Users/tor/Development/angular-2-samples/components/http/http.ngfactory.d.ts"},{"__symbol":4,"name":"HttpSampleNgFactory","filePath":"/Users/tor/Development/angular-2-samples/components/http/http.ngfactory.d.ts"}]}