[{"__symbolic":"module","version":3,"metadata":{"LogDemo":{"__symbolic":"class","decorators":[{"__symbolic":"call","expression":{"__symbolic":"reference","module":"@angular/core","name":"Component"},"arguments":[{"providers":[{"__symbolic":"reference","module":"./store","name":"Store"},{"__symbolic":"reference","module":"./log-tail-service","name":"LogTailService"}],"template":"<div>\n                <h1>Error log state managed using Redux</h1>\n                <button style=\"margin-bottom: 10px;\" (click)=\"generateLogEntry()\">Add new log entry</button>\n                <input placeholder=\"message\" type=\"text\" [(ngModel)]=\"msg\" />\n                <input placeholder=\"severity\" type=\"number\" [(ngModel)]=\"severity\" />\n                <table class=\"table\">\n                     <tr>\n                        <td><strong>Message</strong></td><td><strong>Severity</strong></td>\n                     </tr>\n                     <tr *ngFor=\"let log of store.logEntries | async\">\n                        <td>{{log.text}}</td>\n                        <td>{{log.severity}}</td>\n                     </tr>\n                </table>\n                <h4><a href=\"http://www.syntaxsuccess.com/viewarticle/redux-in-angular-2.0\">Read more here</a></h4>\n              </div>"}]}],"members":{"__ctor__":[{"__symbolic":"constructor","parameters":[{"__symbolic":"reference","module":"./store","name":"Store"},{"__symbolic":"reference","module":"./log-tail-service","name":"LogTailService"}]}],"generateLogEntry":[{"__symbolic":"method"}],"ngOnInit":[{"__symbolic":"method"}]}}}},{"__symbolic":"module","version":1,"metadata":{"LogDemo":{"__symbolic":"class","decorators":[{"__symbolic":"call","expression":{"__symbolic":"reference","module":"@angular/core","name":"Component"},"arguments":[{"providers":[{"__symbolic":"reference","module":"./store","name":"Store"},{"__symbolic":"reference","module":"./log-tail-service","name":"LogTailService"}],"template":"<div>\n                <h1>Error log state managed using Redux</h1>\n                <button style=\"margin-bottom: 10px;\" (click)=\"generateLogEntry()\">Add new log entry</button>\n                <input placeholder=\"message\" type=\"text\" [(ngModel)]=\"msg\" />\n                <input placeholder=\"severity\" type=\"number\" [(ngModel)]=\"severity\" />\n                <table class=\"table\">\n                     <tr>\n                        <td><strong>Message</strong></td><td><strong>Severity</strong></td>\n                     </tr>\n                     <tr *ngFor=\"let log of store.logEntries | async\">\n                        <td>{{log.text}}</td>\n                        <td>{{log.severity}}</td>\n                     </tr>\n                </table>\n                <h4><a href=\"http://www.syntaxsuccess.com/viewarticle/redux-in-angular-2.0\">Read more here</a></h4>\n              </div>"}]}],"members":{"__ctor__":[{"__symbolic":"constructor","parameters":[{"__symbolic":"reference","module":"./store","name":"Store"},{"__symbolic":"reference","module":"./log-tail-service","name":"LogTailService"}]}],"generateLogEntry":[{"__symbolic":"method"}],"ngOnInit":[{"__symbolic":"method"}]}}}}]