[{"__symbolic":"module","version":3,"metadata":{"LogTailService":{"__symbolic":"class","decorators":[{"__symbolic":"call","expression":{"__symbolic":"reference","module":"@angular/core","name":"Injectable"}}],"members":{"__ctor__":[{"__symbolic":"constructor","parameters":[{"__symbolic":"reference","module":"@angular/http","name":"Http"}]}],"getLogEntries":[{"__symbolic":"method"}]}}}},{"__symbolic":"module","version":1,"metadata":{"LogTailService":{"__symbolic":"class","decorators":[{"__symbolic":"call","expression":{"__symbolic":"reference","module":"@angular/core","name":"Injectable"}}],"members":{"__ctor__":[{"__symbolic":"constructor","parameters":[{"__symbolic":"reference","module":"@angular/http","name":"Http"}]}],"getLogEntries":[{"__symbolic":"method"}]}}}}]