[{"__symbolic":"module","version":3,"metadata":{"About":{"__symbolic":"class","decorators":[{"__symbolic":"call","expression":{"__symbolic":"reference","module":"@angular/core","name":"Component"},"arguments":[{"selector":"about","templateUrl":"./about.html"}]}]}}},{"__symbolic":"module","version":1,"metadata":{"About":{"__symbolic":"class","decorators":[{"__symbolic":"call","expression":{"__symbolic":"reference","module":"@angular/core","name":"Component"},"arguments":[{"selector":"about","templateUrl":"./about.html"}]}]}}}]