{"summaries":[{"symbol":{"__symbol":0,"members":[]},"metadata":{"__symbolic":"class"},"type":{"summaryKind":1,"type":{"reference":{"__symbol":0,"members":[]},"diDeps":[],"lifecycleHooks":[]},"isComponent":true,"selector":"comment-section-1","inputs":{},"outputs":{},"hostListeners":{},"hostProperties":{},"hostAttributes":{},"providers":[],"viewProviders":[],"queries":[],"viewQueries":[],"entryComponents":[],"changeDetection":0,"template":{"animations":[],"ngContentSelectors":[],"encapsulation":2},"wrapperType":null,"componentViewType":{"__symbol":1,"members":[]},"rendererType":{"__symbol":2,"members":[]},"componentFactory":{"__symbol":3,"members":[]}}}],"symbols":[{"__symbol":0,"name":"CommentSection1","filePath":"/Users/tor/Development/angular-2-samples/components/change-detection/comment-section-1.d.ts"},{"__symbol":1,"name":"View_CommentSection1_0","filePath":"/Users/tor/Development/angular-2-samples/components/change-detection/comment-section-1.ngfactory.d.ts"},{"__symbol":2,"name":"RenderType_CommentSection1","filePath":"/Users/tor/Development/angular-2-samples/components/change-detection/comment-section-1.ngfactory.d.ts"},{"__symbol":3,"name":"CommentSection1NgFactory","filePath":"/Users/tor/Development/angular-2-samples/components/change-detection/comment-section-1.ngfactory.d.ts"}]}