[{"__symbolic":"module","version":3,"metadata":{"Spreadsheet":{"__symbolic":"class","decorators":[{"__symbolic":"call","expression":{"__symbolic":"reference","module":"@angular/core","name":"Component"},"arguments":[{"selector":"spreadsheet","templateUrl":"./spreadsheet.html"}]}],"members":{"rows":[{"__symbolic":"property","decorators":[{"__symbolic":"call","expression":{"__symbolic":"reference","module":"@angular/core","name":"Input"}}]}],"columns":[{"__symbolic":"property","decorators":[{"__symbolic":"call","expression":{"__symbolic":"reference","module":"@angular/core","name":"Input"}}]}],"__ctor__":[{"__symbolic":"constructor"}],"getHeader":[{"__symbolic":"method"}],"navigate":[{"__symbolic":"method"}],"ngAfterViewChecked":[{"__symbolic":"method"}],"getVisibleRows":[{"__symbolic":"method"}],"getActive":[{"__symbolic":"method"}]}}}},{"__symbolic":"module","version":1,"metadata":{"Spreadsheet":{"__symbolic":"class","decorators":[{"__symbolic":"call","expression":{"__symbolic":"reference","module":"@angular/core","name":"Component"},"arguments":[{"selector":"spreadsheet","templateUrl":"./spreadsheet.html"}]}],"members":{"rows":[{"__symbolic":"property","decorators":[{"__symbolic":"call","expression":{"__symbolic":"reference","module":"@angular/core","name":"Input"}}]}],"columns":[{"__symbolic":"property","decorators":[{"__symbolic":"call","expression":{"__symbolic":"reference","module":"@angular/core","name":"Input"}}]}],"__ctor__":[{"__symbolic":"constructor"}],"getHeader":[{"__symbolic":"method"}],"navigate":[{"__symbolic":"method"}],"ngAfterViewChecked":[{"__symbolic":"method"}],"getVisibleRows":[{"__symbolic":"method"}],"getActive":[{"__symbolic":"method"}]}}}}]