[{"__symbolic":"module","version":3,"metadata":{"SpreadsheetModel":{"__symbolic":"class","members":{"__ctor__":[{"__symbolic":"constructor","parameters":[null,null]}],"selectColumn":[{"__symbolic":"method"}],"navigate":[{"__symbolic":"method"}],"adjustRowRangeUpward":[{"__symbolic":"method"}],"adjustRowRangeDownward":[{"__symbolic":"method"}],"shiftRowsBy":[{"__symbolic":"method"}],"ensureRow":[{"__symbolic":"method"}]}}}},{"__symbolic":"module","version":1,"metadata":{"SpreadsheetModel":{"__symbolic":"class","members":{"__ctor__":[{"__symbolic":"constructor","parameters":[null,null]}],"selectColumn":[{"__symbolic":"method"}],"navigate":[{"__symbolic":"method"}],"adjustRowRangeUpward":[{"__symbolic":"method"}],"adjustRowRangeDownward":[{"__symbolic":"method"}],"shiftRowsBy":[{"__symbolic":"method"}],"ensureRow":[{"__symbolic":"method"}]}}}}]