[{"__symbolic":"module","version":3,"metadata":{"IgnoreBindings":{"__symbolic":"class","decorators":[{"__symbolic":"call","expression":{"__symbolic":"reference","module":"@angular/core","name":"Component"},"arguments":[{"selector":"ignore-bindings","templateUrl":"./non-bindable.html"}]}]}}},{"__symbolic":"module","version":1,"metadata":{"IgnoreBindings":{"__symbolic":"class","decorators":[{"__symbolic":"call","expression":{"__symbolic":"reference","module":"@angular/core","name":"Component"},"arguments":[{"selector":"ignore-bindings","templateUrl":"./non-bindable.html"}]}]}}}]