{"summaries":[{"symbol":{"__symbol":0,"members":[]},"metadata":{"__symbolic":"class"},"type":{"summaryKind":1,"type":{"reference":{"__symbol":0,"members":[]},"diDeps":[],"lifecycleHooks":[0]},"isComponent":true,"selector":"survey","inputs":{"model":"model"},"outputs":{},"hostListeners":{},"hostProperties":{},"hostAttributes":{},"providers":[],"viewProviders":[],"queries":[],"viewQueries":[],"entryComponents":[],"changeDetection":1,"template":{"animations":[],"ngContentSelectors":[],"encapsulation":2},"wrapperType":null,"componentViewType":{"__symbol":1,"members":[]},"rendererType":{"__symbol":2,"members":[]},"componentFactory":{"__symbol":3,"members":[]}}}],"symbols":[{"__symbol":0,"name":"Survey","filePath":"/Users/tor/Development/angular-2-samples/components/survey/survey.d.ts"},{"__symbol":1,"name":"View_Survey_0","filePath":"/Users/tor/Development/angular-2-samples/components/survey/survey.ngfactory.d.ts"},{"__symbol":2,"name":"RenderType_Survey","filePath":"/Users/tor/Development/angular-2-samples/components/survey/survey.ngfactory.d.ts"},{"__symbol":3,"name":"SurveyNgFactory","filePath":"/Users/tor/Development/angular-2-samples/components/survey/survey.ngfactory.d.ts"}]}