[{"__symbolic":"module","version":3,"metadata":{"Edge":{"__symbolic":"class","decorators":[{"__symbolic":"call","expression":{"__symbolic":"reference","module":"@angular/core","name":"Component"},"arguments":[{"selector":"edge","template":"<div class=\"edge\" [ngStyle]=\"style\"></div>"}]}],"members":{"setCoordinates":[{"__symbolic":"method"}],"drawLine":[{"__symbolic":"method"}]}}}},{"__symbolic":"module","version":1,"metadata":{"Edge":{"__symbolic":"class","decorators":[{"__symbolic":"call","expression":{"__symbolic":"reference","module":"@angular/core","name":"Component"},"arguments":[{"selector":"edge","template":"<div class=\"edge\" [ngStyle]=\"style\"></div>"}]}],"members":{"setCoordinates":[{"__symbolic":"method"}],"drawLine":[{"__symbolic":"method"}]}}}}]