[{"__symbolic":"module","version":3,"metadata":{"Graph":{"__symbolic":"class","decorators":[{"__symbolic":"call","expression":{"__symbolic":"reference","module":"@angular/core","name":"Component"},"arguments":[{"selector":"graph","templateUrl":"./graph.html","providers":[{"__symbolic":"reference","module":"./edge-service","name":"EdgeService"}]}]}],"members":{"__ctor__":[{"__symbolic":"constructor","parameters":[{"__symbolic":"reference","module":"@angular/core","name":"ComponentFactoryResolver"},{"__symbolic":"reference","module":"./edge-service","name":"EdgeService"}]}],"ngOnInit":[{"__symbolic":"method"}]}}}},{"__symbolic":"module","version":1,"metadata":{"Graph":{"__symbolic":"class","decorators":[{"__symbolic":"call","expression":{"__symbolic":"reference","module":"@angular/core","name":"Component"},"arguments":[{"selector":"graph","templateUrl":"./graph.html","providers":[{"__symbolic":"reference","module":"./edge-service","name":"EdgeService"}]}]}],"members":{"__ctor__":[{"__symbolic":"constructor","parameters":[{"__symbolic":"reference","module":"@angular/core","name":"ComponentFactoryResolver"},{"__symbolic":"reference","module":"./edge-service","name":"EdgeService"}]}],"ngOnInit":[{"__symbolic":"method"}]}}}}]