[{"__symbolic":"module","version":3,"metadata":{"Vertex":{"__symbolic":"class","decorators":[{"__symbolic":"call","expression":{"__symbolic":"reference","module":"@angular/core","name":"Component"},"arguments":[{"selector":"vertex","inputs":["value"],"template":"<div #vertex class=\"vertex\" (click)=\"setCoordinates()\"><span class=\"vertex-text\">{{value}}</span></div>"}]}],"members":{"element":[{"__symbolic":"property","decorators":[{"__symbolic":"call","expression":{"__symbolic":"reference","module":"@angular/core","name":"ViewChild"},"arguments":["vertex"]}]}],"__ctor__":[{"__symbolic":"constructor","parameters":[{"__symbolic":"reference","module":"./edge-service","name":"EdgeService"},{"__symbolic":"reference","module":"@angular/core","name":"ViewContainerRef"}]}],"setCoordinates":[{"__symbolic":"method"}]}}}},{"__symbolic":"module","version":1,"metadata":{"Vertex":{"__symbolic":"class","decorators":[{"__symbolic":"call","expression":{"__symbolic":"reference","module":"@angular/core","name":"Component"},"arguments":[{"selector":"vertex","inputs":["value"],"template":"<div #vertex class=\"vertex\" (click)=\"setCoordinates()\"><span class=\"vertex-text\">{{value}}</span></div>"}]}],"members":{"element":[{"__symbolic":"property","decorators":[{"__symbolic":"call","expression":{"__symbolic":"reference","module":"@angular/core","name":"ViewChild"},"arguments":["vertex"]}]}],"__ctor__":[{"__symbolic":"constructor","parameters":[{"__symbolic":"reference","module":"./edge-service","name":"EdgeService"},{"__symbolic":"reference","module":"@angular/core","name":"ViewContainerRef"}]}],"setCoordinates":[{"__symbolic":"method"}]}}}}]