{"summaries":[{"symbol":{"__symbol":0,"members":[]},"metadata":{"__symbolic":"class"},"type":{"summaryKind":1,"type":{"reference":{"__symbol":0,"members":[]},"diDeps":[],"lifecycleHooks":[0]},"isComponent":true,"selector":"country-demo","inputs":{},"outputs":{},"hostListeners":{},"hostProperties":{},"hostAttributes":{},"providers":[{"token":{"identifier":{"reference":{"__symbol":1,"members":[]},"diDeps":[{"isAttribute":false,"isHost":false,"isSelf":false,"isSkipSelf":false,"isOptional":false,"token":{"identifier":{"reference":{"__symbol":2,"members":[]}}}}],"lifecycleHooks":[]}},"useClass":{"reference":{"__symbol":1,"members":[]},"diDeps":[{"isAttribute":false,"isHost":false,"isSelf":false,"isSkipSelf":false,"isOptional":false,"token":{"identifier":{"reference":{"__symbol":2,"members":[]}}}}],"lifecycleHooks":[]},"useFactory":null,"useExisting":null,"deps":[{"isAttribute":false,"isHost":false,"isSelf":false,"isSkipSelf":false,"isOptional":false,"token":{"identifier":{"reference":{"__symbol":2,"members":[]}}}}],"multi":false},{"token":{"identifier":{"reference":{"__symbol":3,"members":[]},"diDeps":[{"isAttribute":false,"isHost":false,"isSelf":false,"isSkipSelf":false,"isOptional":false,"token":{"identifier":{"reference":{"__symbol":1,"members":[]}}}}],"lifecycleHooks":[]}},"useClass":{"reference":{"__symbol":3,"members":[]},"diDeps":[{"isAttribute":false,"isHost":false,"isSelf":false,"isSkipSelf":false,"isOptional":false,"token":{"identifier":{"reference":{"__symbol":1,"members":[]}}}}],"lifecycleHooks":[]},"useFactory":null,"useExisting":null,"deps":[{"isAttribute":false,"isHost":false,"isSelf":false,"isSkipSelf":false,"isOptional":false,"token":{"identifier":{"reference":{"__symbol":1,"members":[]}}}}],"multi":false}],"viewProviders":[],"queries":[],"viewQueries":[],"entryComponents":[],"changeDetection":1,"template":{"animations":[],"ngContentSelectors":[],"encapsulation":2},"wrapperType":null,"componentViewType":{"__symbol":4,"members":[]},"rendererType":{"__symbol":5,"members":[]},"componentFactory":{"__symbol":6,"members":[]}}}],"symbols":[{"__symbol":0,"name":"CountryDemo","filePath":"/Users/tor/Development/angular-2-samples/components/lazy-loaded-tree-view/country-demo.d.ts"},{"__symbol":1,"name":"Store","filePath":"/Users/tor/Development/angular-2-samples/components/lazy-loaded-tree-view/redux/store.d.ts"},{"__symbol":2,"name":"Http","filePath":"/Users/tor/Development/angular-2-samples/node_modules/@angular/http/typings/http.d.ts"},{"__symbol":3,"name":"TreeNodeService","filePath":"/Users/tor/Development/angular-2-samples/components/lazy-loaded-tree-view/tree-node-service.d.ts"},{"__symbol":4,"name":"View_CountryDemo_0","filePath":"/Users/tor/Development/angular-2-samples/components/lazy-loaded-tree-view/country-demo.ngfactory.d.ts"},{"__symbol":5,"name":"RenderType_CountryDemo","filePath":"/Users/tor/Development/angular-2-samples/components/lazy-loaded-tree-view/country-demo.ngfactory.d.ts"},{"__symbol":6,"name":"CountryDemoNgFactory","filePath":"/Users/tor/Development/angular-2-samples/components/lazy-loaded-tree-view/country-demo.ngfactory.d.ts"}]}