{"summaries":[{"symbol":{"__symbol":0,"members":[]},"metadata":{"__symbolic":"class"},"type":{"summaryKind":1,"type":{"reference":{"__symbol":0,"members":[]},"diDeps":[{"isAttribute":false,"isHost":false,"isSelf":false,"isSkipSelf":false,"isOptional":false,"token":{"identifier":{"reference":{"__symbol":1,"members":[]}}}},{"isAttribute":false,"isHost":false,"isSelf":false,"isSkipSelf":false,"isOptional":false,"token":{"identifier":{"reference":{"__symbol":2,"members":[]}}}}],"lifecycleHooks":[0,1]},"isComponent":true,"selector":"lazy-tree-view","inputs":{"root":"root"},"outputs":{},"hostListeners":{},"hostProperties":{},"hostAttributes":{},"providers":[],"viewProviders":[],"queries":[],"viewQueries":[],"entryComponents":[],"changeDetection":1,"template":{"animations":[],"ngContentSelectors":[],"encapsulation":2},"wrapperType":null,"componentViewType":{"__symbol":3,"members":[]},"rendererType":{"__symbol":4,"members":[]},"componentFactory":{"__symbol":5,"members":[]}}}],"symbols":[{"__symbol":0,"name":"LazyTreeView","filePath":"/Users/tor/Development/angular-2-samples/components/lazy-loaded-tree-view/tree-view.d.ts"},{"__symbol":1,"name":"Store","filePath":"/Users/tor/Development/angular-2-samples/components/lazy-loaded-tree-view/redux/store.d.ts"},{"__symbol":2,"name":"TreeNodeService","filePath":"/Users/tor/Development/angular-2-samples/components/lazy-loaded-tree-view/tree-node-service.d.ts"},{"__symbol":3,"name":"View_LazyTreeView_0","filePath":"/Users/tor/Development/angular-2-samples/components/lazy-loaded-tree-view/tree-view.ngfactory.d.ts"},{"__symbol":4,"name":"RenderType_LazyTreeView","filePath":"/Users/tor/Development/angular-2-samples/components/lazy-loaded-tree-view/tree-view.ngfactory.d.ts"},{"__symbol":5,"name":"LazyTreeViewNgFactory","filePath":"/Users/tor/Development/angular-2-samples/components/lazy-loaded-tree-view/tree-view.ngfactory.d.ts"}]}