{"summaries":[{"symbol":{"__symbol":0,"members":[]},"metadata":{"__symbolic":"class"},"type":{"summaryKind":3,"type":{"reference":{"__symbol":0,"members":[]},"diDeps":[{"isAttribute":false,"isHost":false,"isSelf":false,"isSkipSelf":false,"isOptional":false,"token":{"identifier":{"reference":{"__symbol":1,"members":[]}}}}],"lifecycleHooks":[]}}}],"symbols":[{"__symbol":0,"name":"TreeNodeService","filePath":"/Users/tor/Development/angular-2-samples/components/lazy-loaded-tree-view/tree-node-service.d.ts"},{"__symbol":1,"name":"Store","filePath":"/Users/tor/Development/angular-2-samples/components/lazy-loaded-tree-view/redux/store.d.ts"}]}