[{"__symbolic":"module","version":3,"metadata":{"HttpSample":{"__symbolic":"class","decorators":[{"__symbolic":"call","expression":{"__symbolic":"reference","module":"@angular/core","name":"Component"},"arguments":[{"templateUrl":"./http.html"}]}],"members":{"__ctor__":[{"__symbolic":"constructor","parameters":[{"__symbolic":"reference","module":"@angular/http","name":"Http"}]}],"getCapitol":[{"__symbolic":"method"}],"isActive":[{"__symbolic":"method"}],"loadFriendsAsPromise":[{"__symbolic":"method"}],"loadFriendsAndCustomers":[{"__symbolic":"method"}],"loadFriendsSuccessFully":[{"__symbolic":"method"}],"loadContractByCustomer":[{"__symbolic":"method"}],"loadFriendsWithError":[{"__symbolic":"method"}],"postData":[{"__symbolic":"method"}]}}}},{"__symbolic":"module","version":1,"metadata":{"HttpSample":{"__symbolic":"class","decorators":[{"__symbolic":"call","expression":{"__symbolic":"reference","module":"@angular/core","name":"Component"},"arguments":[{"templateUrl":"./http.html"}]}],"members":{"__ctor__":[{"__symbolic":"constructor","parameters":[{"__symbolic":"reference","module":"@angular/http","name":"Http"}]}],"getCapitol":[{"__symbolic":"method"}],"isActive":[{"__symbolic":"method"}],"loadFriendsAsPromise":[{"__symbolic":"method"}],"loadFriendsAndCustomers":[{"__symbolic":"method"}],"loadFriendsSuccessFully":[{"__symbolic":"method"}],"loadContractByCustomer":[{"__symbolic":"method"}],"loadFriendsWithError":[{"__symbolic":"method"}],"postData":[{"__symbolic":"method"}]}}}}]