[{"__symbolic":"module","version":3,"metadata":{"Document":{"__symbolic":"class","members":{"__ctor__":[{"__symbolic":"constructor"}],"deselectPreviousCharacter":[{"__symbolic":"method"}],"clearSelection":[{"__symbolic":"method"}],"edit":[{"__symbolic":"method"}],"placeCursor":[{"__symbolic":"method"}],"selectCharacter":[{"__symbolic":"method"}],"processInput":[{"__symbolic":"method"}]}}}},{"__symbolic":"module","version":1,"metadata":{"Document":{"__symbolic":"class","members":{"__ctor__":[{"__symbolic":"constructor"}],"deselectPreviousCharacter":[{"__symbolic":"method"}],"clearSelection":[{"__symbolic":"method"}],"edit":[{"__symbolic":"method"}],"placeCursor":[{"__symbolic":"method"}],"selectCharacter":[{"__symbolic":"method"}],"processInput":[{"__symbolic":"method"}]}}}}]