[{"__symbolic":"module","version":3,"metadata":{"TextEditor":{"__symbolic":"class","decorators":[{"__symbolic":"call","expression":{"__symbolic":"reference","module":"@angular/core","name":"Component"},"arguments":[{"selector":"editor","templateUrl":"./text-editor.html"}]}],"members":{"isSuportedCharacter":[{"__symbolic":"method"}],"getCharacterFromElement":[{"__symbolic":"method"}],"ngOnInit":[{"__symbolic":"method"}]}}}},{"__symbolic":"module","version":1,"metadata":{"TextEditor":{"__symbolic":"class","decorators":[{"__symbolic":"call","expression":{"__symbolic":"reference","module":"@angular/core","name":"Component"},"arguments":[{"selector":"editor","templateUrl":"./text-editor.html"}]}],"members":{"isSuportedCharacter":[{"__symbolic":"method"}],"getCharacterFromElement":[{"__symbolic":"method"}],"ngOnInit":[{"__symbolic":"method"}]}}}}]