[{"__symbolic":"module","version":3,"metadata":{"Angular2Host":{"__symbolic":"class","decorators":[{"__symbolic":"call","expression":{"__symbolic":"reference","module":"@angular/core","name":"Component"},"arguments":[{"selector":"angular-2-host","templateUrl":"./angular-2-host.html"}]}],"members":{"ngOnInit":[{"__symbolic":"method"}]}}}},{"__symbolic":"module","version":1,"metadata":{"Angular2Host":{"__symbolic":"class","decorators":[{"__symbolic":"call","expression":{"__symbolic":"reference","module":"@angular/core","name":"Component"},"arguments":[{"selector":"angular-2-host","templateUrl":"./angular-2-host.html"}]}],"members":{"ngOnInit":[{"__symbolic":"method"}]}}}}]