[{"__symbolic":"module","version":3,"metadata":{"Directory":{"__symbolic":"class","members":{"__ctor__":[{"__symbolic":"constructor","parameters":[{"__symbolic":"reference","name":"string"},{"__symbolic":"reference","name":"Array","arguments":[{"__symbolic":"reference","name":"string"}]},{"__symbolic":"reference","name":"Array","arguments":[{"__symbolic":"reference","name":"string"}]}]}],"toggle":[{"__symbolic":"method"}],"getIcon":[{"__symbolic":"method"}],"check":[{"__symbolic":"method"}],"checkRecursive":[{"__symbolic":"method"}]}}}},{"__symbolic":"module","version":1,"metadata":{"Directory":{"__symbolic":"class","members":{"__ctor__":[{"__symbolic":"constructor","parameters":[{"__symbolic":"reference","name":"string"},{"__symbolic":"reference","name":"Array","arguments":[{"__symbolic":"reference","name":"string"}]},{"__symbolic":"reference","name":"Array","arguments":[{"__symbolic":"reference","name":"string"}]}]}],"toggle":[{"__symbolic":"method"}],"getIcon":[{"__symbolic":"method"}],"check":[{"__symbolic":"method"}],"checkRecursive":[{"__symbolic":"method"}]}}}}]