[{"__symbolic":"module","version":3,"metadata":{"TreeViewDemo":{"__symbolic":"class","decorators":[{"__symbolic":"call","expression":{"__symbolic":"reference","module":"@angular/core","name":"Component"},"arguments":[{"template":"<h1>Recursive TreeView</h1><tree-view [directories]=\"directories\"></tree-view>          <h4><a href=\"http://www.syntaxsuccess.com/viewarticle/recursive-treeview-in-angular-2.0\">Read more here</a></h4>"}]}],"members":{"__ctor__":[{"__symbolic":"constructor"}],"loadDirectories":[{"__symbolic":"method"}]}}}},{"__symbolic":"module","version":1,"metadata":{"TreeViewDemo":{"__symbolic":"class","decorators":[{"__symbolic":"call","expression":{"__symbolic":"reference","module":"@angular/core","name":"Component"},"arguments":[{"template":"<h1>Recursive TreeView</h1><tree-view [directories]=\"directories\"></tree-view>          <h4><a href=\"http://www.syntaxsuccess.com/viewarticle/recursive-treeview-in-angular-2.0\">Read more here</a></h4>"}]}],"members":{"__ctor__":[{"__symbolic":"constructor"}],"loadDirectories":[{"__symbolic":"method"}]}}}}]