{"summaries":[{"symbol":{"__symbol":0,"members":[]},"metadata":{"__symbolic":"class"},"type":{"summaryKind":1,"type":{"reference":{"__symbol":0,"members":[]},"diDeps":[{"isAttribute":false,"isHost":false,"isSelf":false,"isSkipSelf":false,"isOptional":false,"token":{"identifier":{"reference":{"__symbol":1,"members":[]}}}}],"lifecycleHooks":[0]},"isComponent":true,"selector":"jquery-integration","inputs":{},"outputs":{},"hostListeners":{},"hostProperties":{},"hostAttributes":{},"providers":[],"viewProviders":[],"queries":[],"viewQueries":[],"entryComponents":[],"changeDetection":1,"template":{"animations":[],"ngContentSelectors":[],"encapsulation":2},"wrapperType":null,"componentViewType":{"__symbol":2,"members":[]},"rendererType":{"__symbol":3,"members":[]},"componentFactory":{"__symbol":4,"members":[]}}}],"symbols":[{"__symbol":0,"name":"JqueryIntegration","filePath":"/Users/tor/Development/angular-2-samples/components/jquery-integration/jquery-integration.d.ts"},{"__symbol":1,"name":"ElementRef","filePath":"/Users/tor/Development/angular-2-samples/node_modules/@angular/core/typings/core.d.ts"},{"__symbol":2,"name":"View_JqueryIntegration_0","filePath":"/Users/tor/Development/angular-2-samples/components/jquery-integration/jquery-integration.ngfactory.d.ts"},{"__symbol":3,"name":"RenderType_JqueryIntegration","filePath":"/Users/tor/Development/angular-2-samples/components/jquery-integration/jquery-integration.ngfactory.d.ts"},{"__symbol":4,"name":"JqueryIntegrationNgFactory","filePath":"/Users/tor/Development/angular-2-samples/components/jquery-integration/jquery-integration.ngfactory.d.ts"}]}