{"summaries":[{"symbol":{"__symbol":0,"members":[]},"metadata":{"__symbolic":"class"},"type":{"summaryKind":2,"type":{"reference":{"__symbol":0,"members":[]},"diDeps":[],"lifecycleHooks":[]},"entryComponents":[{"componentType":{"__symbol":1,"members":[]},"componentFactory":{"__symbol":2,"members":[]}},{"componentType":{"__symbol":3,"members":[]},"componentFactory":{"__symbol":4,"members":[]}},{"componentType":{"__symbol":5,"members":[]},"componentFactory":{"__symbol":6,"members":[]}},{"componentType":{"__symbol":7,"members":[]},"componentFactory":{"__symbol":8,"members":[]}},{"componentType":{"__symbol":9,"members":[]},"componentFactory":{"__symbol":10,"members":[]}},{"componentType":{"__symbol":11,"members":[]},"componentFactory":{"__symbol":12,"members":[]}},{"componentType":{"__symbol":13,"members":[]},"componentFactory":{"__symbol":14,"members":[]}},{"componentType":{"__symbol":15,"members":[]},"componentFactory":{"__symbol":16,"members":[]}},{"componentType":{"__symbol":17,"members":[]},"componentFactory":{"__symbol":18,"members":[]}},{"componentType":{"__symbol":19,"members":[]},"componentFactory":{"__symbol":20,"members":[]}},{"componentType":{"__symbol":21,"members":[]},"componentFactory":{"__symbol":22,"members":[]}},{"componentType":{"__symbol":23,"members":[]},"componentFactory":{"__symbol":24,"members":[]}},{"componentType":{"__symbol":25,"members":[]},"componentFactory":{"__symbol":26,"members":[]}},{"componentType":{"__symbol":27,"members":[]},"componentFactory":{"__symbol":28,"members":[]}},{"componentType":{"__symbol":29,"members":[]},"componentFactory":{"__symbol":30,"members":[]}},{"componentType":{"__symbol":31,"members":[]},"componentFactory":{"__symbol":32,"members":[]}},{"componentType":{"__symbol":33,"members":[]},"componentFactory":{"__symbol":34,"members":[]}},{"componentType":{"__symbol":35,"members":[]},"componentFactory":{"__symbol":36,"members":[]}},{"componentType":{"__symbol":37,"members":[]},"componentFactory":{"__symbol":38,"members":[]}},{"componentType":{"__symbol":39,"members":[]},"componentFactory":{"__symbol":40,"members":[]}},{"componentType":{"__symbol":41,"members":[]},"componentFactory":{"__symbol":42,"members":[]}},{"componentType":{"__symbol":43,"members":[]},"componentFactory":{"__symbol":44,"members":[]}},{"componentType":{"__symbol":45,"members":[]},"componentFactory":{"__symbol":46,"members":[]}},{"componentType":{"__symbol":47,"members":[]},"componentFactory":{"__symbol":48,"members":[]}},{"componentType":{"__symbol":49,"members":[]},"componentFactory":{"__symbol":50,"members":[]}},{"componentType":{"__symbol":51,"members":[]},"componentFactory":{"__symbol":52,"members":[]}},{"componentType":{"__symbol":53,"members":[]},"componentFactory":{"__symbol":54,"members":[]}},{"componentType":{"__symbol":55,"members":[]},"componentFactory":{"__symbol":56,"members":[]}},{"componentType":{"__symbol":57,"members":[]},"componentFactory":{"__symbol":58,"members":[]}}],"providers":[{"provider":{"token":{"identifier":{"reference":{"__symbol":59,"members":[]}}},"useClass":{"reference":{"__symbol":60,"members":[]},"diDeps":[{"isAttribute":false,"isHost":false,"isSelf":false,"isSkipSelf":false,"isOptional":false,"token":{"identifier":{"reference":{"__symbol":61,"members":[]}}}}],"lifecycleHooks":[]},"useFactory":null,"useExisting":null,"deps":[{"isAttribute":false,"isHost":false,"isSelf":false,"isSkipSelf":false,"isOptional":false,"token":{"identifier":{"reference":{"__symbol":61,"members":[]}}}}],"multi":false},"module":{"reference":{"__symbol":62,"members":[]},"diDeps":[],"lifecycleHooks":[]}},{"provider":{"token":{"identifier":{"reference":{"__symbol":63,"members":[]},"diDeps":[{"isAttribute":false,"isHost":false,"isSelf":false,"isSkipSelf":false,"isOptional":false,"token":{"identifier":{"reference":{"__symbol":64,"members":[]}}}},{"isAttribute":false,"isHost":false,"isSelf":false,"isSkipSelf":false,"isOptional":false,"token":{"identifier":{"reference":{"__symbol":65,"members":[]}}}},{"isAttribute":false,"isHost":false,"isSelf":false,"isSkipSelf":false,"isOptional":false,"token":{"identifier":{"reference":{"__symbol":66,"members":[]}}}},{"isAttribute":false,"isHost":false,"isSelf":false,"isSkipSelf":false,"isOptional":false,"token":{"identifier":{"reference":{"__symbol":67,"members":[]}}}},{"isAttribute":false,"isHost":false,"isSelf":false,"isSkipSelf":false,"isOptional":false,"token":{"identifier":{"reference":{"__symbol":68,"members":[]}}}},{"isAttribute":false,"isHost":false,"isSelf":false,"isSkipSelf":false,"isOptional":false,"token":{"identifier":{"reference":{"__symbol":69,"members":[]}}}},{"isAttribute":false,"isHost":false,"isSelf":false,"isSkipSelf":false,"isOptional":true,"token":{"identifier":{"reference":{"__symbol":70,"members":[]}}}},{"isAttribute":false,"isHost":false,"isSelf":false,"isSkipSelf":false,"isOptional":true,"token":{"identifier":{"reference":{"__symbol":71,"members":[]}}}}],"lifecycleHooks":[1]}},"useClass":{"reference":{"__symbol":63,"members":[]},"diDeps":[{"isAttribute":false,"isHost":false,"isSelf":false,"isSkipSelf":false,"isOptional":false,"token":{"identifier":{"reference":{"__symbol":64,"members":[]}}}},{"isAttribute":false,"isHost":false,"isSelf":false,"isSkipSelf":false,"isOptional":false,"token":{"identifier":{"reference":{"__symbol":65,"members":[]}}}},{"isAttribute":false,"isHost":false,"isSelf":false,"isSkipSelf":false,"isOptional":false,"token":{"identifier":{"reference":{"__symbol":66,"members":[]}}}},{"isAttribute":false,"isHost":false,"isSelf":false,"isSkipSelf":false,"isOptional":false,"token":{"identifier":{"reference":{"__symbol":67,"members":[]}}}},{"isAttribute":false,"isHost":false,"isSelf":false,"isSkipSelf":false,"isOptional":false,"token":{"identifier":{"reference":{"__symbol":68,"members":[]}}}},{"isAttribute":false,"isHost":false,"isSelf":false,"isSkipSelf":false,"isOptional":false,"token":{"identifier":{"reference":{"__symbol":69,"members":[]}}}},{"isAttribute":false,"isHost":false,"isSelf":false,"isSkipSelf":false,"isOptional":true,"token":{"identifier":{"reference":{"__symbol":70,"members":[]}}}},{"isAttribute":false,"isHost":false,"isSelf":false,"isSkipSelf":false,"isOptional":true,"token":{"identifier":{"reference":{"__symbol":71,"members":[]}}}}],"lifecycleHooks":[1]},"useFactory":null,"useExisting":null,"deps":[{"isAttribute":false,"isHost":false,"isSelf":false,"isSkipSelf":false,"isOptional":false,"token":{"identifier":{"reference":{"__symbol":64,"members":[]}}}},{"isAttribute":false,"isHost":false,"isSelf":false,"isSkipSelf":false,"isOptional":false,"token":{"identifier":{"reference":{"__symbol":65,"members":[]}}}},{"isAttribute":false,"isHost":false,"isSelf":false,"isSkipSelf":false,"isOptional":false,"token":{"identifier":{"reference":{"__symbol":66,"members":[]}}}},{"isAttribute":false,"isHost":false,"isSelf":false,"isSkipSelf":false,"isOptional":false,"token":{"identifier":{"reference":{"__symbol":67,"members":[]}}}},{"isAttribute":false,"isHost":false,"isSelf":false,"isSkipSelf":false,"isOptional":false,"token":{"identifier":{"reference":{"__symbol":68,"members":[]}}}},{"isAttribute":false,"isHost":false,"isSelf":false,"isSkipSelf":false,"isOptional":false,"token":{"identifier":{"reference":{"__symbol":69,"members":[]}}}},{"isAttribute":false,"isHost":false,"isSelf":false,"isSkipSelf":false,"isOptional":true,"token":{"identifier":{"reference":{"__symbol":70,"members":[]}}}},{"isAttribute":false,"isHost":false,"isSelf":false,"isSkipSelf":false,"isOptional":true,"token":{"identifier":{"reference":{"__symbol":71,"members":[]}}}}],"multi":false},"module":{"reference":{"__symbol":72,"members":[]},"diDeps":[],"lifecycleHooks":[]}},{"provider":{"token":{"identifier":{"reference":{"__symbol":73,"members":[]}}},"useClass":null,"useFactory":null,"useExisting":{"identifier":{"reference":{"__symbol":63,"members":[]}}},"multi":false},"module":{"reference":{"__symbol":72,"members":[]},"diDeps":[],"lifecycleHooks":[]}},{"provider":{"token":{"identifier":{"reference":{"__symbol":69,"members":[]},"diDeps":[{"isAttribute":false,"isHost":false,"isSelf":false,"isSkipSelf":false,"isOptional":true,"token":{"identifier":{"reference":{"__symbol":74,"members":[]}}}}],"lifecycleHooks":[]}},"useClass":{"reference":{"__symbol":69,"members":[]},"diDeps":[{"isAttribute":false,"isHost":false,"isSelf":false,"isSkipSelf":false,"isOptional":true,"token":{"identifier":{"reference":{"__symbol":74,"members":[]}}}}],"lifecycleHooks":[]},"useFactory":null,"useExisting":null,"deps":[{"isAttribute":false,"isHost":false,"isSelf":false,"isSkipSelf":false,"isOptional":true,"token":{"identifier":{"reference":{"__symbol":74,"members":[]}}}}],"multi":false},"module":{"reference":{"__symbol":72,"members":[]},"diDeps":[],"lifecycleHooks":[]}},{"provider":{"token":{"identifier":{"reference":{"__symbol":75,"members":[]},"diDeps":[],"lifecycleHooks":[]}},"useClass":{"reference":{"__symbol":75,"members":[]},"diDeps":[],"lifecycleHooks":[]},"useFactory":null,"useExisting":null,"deps":[],"multi":false},"module":{"reference":{"__symbol":72,"members":[]},"diDeps":[],"lifecycleHooks":[]}},{"provider":{"token":{"identifier":{"reference":{"__symbol":76,"members":[]}}},"useClass":null,"useFactory":{"reference":{"__symbol":77,"members":[]},"diDeps":[]},"useExisting":null,"deps":[],"multi":false},"module":{"reference":{"__symbol":72,"members":[]},"diDeps":[],"lifecycleHooks":[]}},{"provider":{"token":{"identifier":{"reference":{"__symbol":78,"members":[]},"diDeps":[{"isAttribute":false,"isHost":false,"isSelf":false,"isSkipSelf":false,"isOptional":false,"token":{"identifier":{"reference":{"__symbol":79,"members":[]}}}},{"isAttribute":false,"isHost":false,"isSelf":false,"isSkipSelf":false,"isOptional":false,"token":{"identifier":{"reference":{"__symbol":80,"members":[]}}}},{"isAttribute":false,"isHost":false,"isSelf":false,"isSkipSelf":false,"isOptional":false,"token":{"identifier":{"reference":{"__symbol":81,"members":[]}}}}],"lifecycleHooks":[]}},"useClass":{"reference":{"__symbol":78,"members":[]},"diDeps":[{"isAttribute":false,"isHost":false,"isSelf":false,"isSkipSelf":false,"isOptional":false,"token":{"identifier":{"reference":{"__symbol":79,"members":[]}}}},{"isAttribute":false,"isHost":false,"isSelf":false,"isSkipSelf":false,"isOptional":false,"token":{"identifier":{"reference":{"__symbol":80,"members":[]}}}},{"isAttribute":false,"isHost":false,"isSelf":false,"isSkipSelf":false,"isOptional":false,"token":{"identifier":{"reference":{"__symbol":81,"members":[]}}}}],"lifecycleHooks":[]},"useFactory":null,"useExisting":null,"deps":[{"isAttribute":false,"isHost":false,"isSelf":false,"isSkipSelf":false,"isOptional":false,"token":{"identifier":{"reference":{"__symbol":79,"members":[]}}}},{"isAttribute":false,"isHost":false,"isSelf":false,"isSkipSelf":false,"isOptional":false,"token":{"identifier":{"reference":{"__symbol":80,"members":[]}}}},{"isAttribute":false,"isHost":false,"isSelf":false,"isSkipSelf":false,"isOptional":false,"token":{"identifier":{"reference":{"__symbol":81,"members":[]}}}}],"multi":false},"module":{"reference":{"__symbol":72,"members":[]},"diDeps":[],"lifecycleHooks":[]}},{"provider":{"token":{"identifier":{"reference":{"__symbol":81,"members":[]},"diDeps":[{"isAttribute":false,"isHost":false,"isSelf":false,"isSkipSelf":false,"isOptional":false,"token":{"identifier":{"reference":{"__symbol":64,"members":[]}}}}],"lifecycleHooks":[]}},"useClass":{"reference":{"__symbol":81,"members":[]},"diDeps":[{"isAttribute":false,"isHost":false,"isSelf":false,"isSkipSelf":false,"isOptional":false,"token":{"identifier":{"reference":{"__symbol":64,"members":[]}}}}],"lifecycleHooks":[]},"useFactory":null,"useExisting":null,"deps":[{"isAttribute":false,"isHost":false,"isSelf":false,"isSkipSelf":false,"isOptional":false,"token":{"identifier":{"reference":{"__symbol":64,"members":[]}}}}],"multi":false},"module":{"reference":{"__symbol":72,"members":[]},"diDeps":[],"lifecycleHooks":[]}},{"provider":{"token":{"identifier":{"reference":{"__symbol":82,"members":[]}}},"useClass":null,"useFactory":{"reference":{"__symbol":83,"members":[]},"diDeps":[]},"useExisting":null,"deps":[],"multi":false},"module":{"reference":{"__symbol":72,"members":[]},"diDeps":[],"lifecycleHooks":[]}},{"provider":{"token":{"identifier":{"reference":{"__symbol":84,"members":[]}}},"useClass":null,"useFactory":{"reference":{"__symbol":85,"members":[]},"diDeps":[]},"useExisting":null,"deps":[],"multi":false},"module":{"reference":{"__symbol":72,"members":[]},"diDeps":[],"lifecycleHooks":[]}},{"provider":{"token":{"identifier":{"reference":{"__symbol":61,"members":[]}}},"useClass":null,"useFactory":{"reference":{"__symbol":86,"members":[]},"diDeps":[{"isAttribute":false,"isHost":false,"isSelf":false,"isSkipSelf":true,"isOptional":true,"token":{"identifier":{"reference":{"__symbol":61,"members":[]}}}}]},"useExisting":null,"deps":[{"isAttribute":false,"isHost":false,"isSelf":false,"isSkipSelf":true,"isOptional":true,"token":{"identifier":{"reference":{"__symbol":61,"members":[]}}}}],"multi":false},"module":{"reference":{"__symbol":72,"members":[]},"diDeps":[],"lifecycleHooks":[]}},{"provider":{"token":{"identifier":{"reference":{"__symbol":74,"members":[]}}},"useClass":null,"useValue":{"__symbol":87,"members":[]},"useFactory":null,"useExisting":null,"multi":true},"module":{"reference":{"__symbol":72,"members":[]},"diDeps":[],"lifecycleHooks":[]}},{"provider":{"token":{"identifier":{"reference":{"__symbol":80,"members":[]}}},"useClass":null,"useFactory":null,"useExisting":{"identifier":{"reference":{"__symbol":88,"members":[]}}},"multi":false},"module":{"reference":{"__symbol":89,"members":[]},"diDeps":[{"isAttribute":false,"isHost":false,"isSelf":false,"isSkipSelf":true,"isOptional":true,"token":{"identifier":{"reference":{"__symbol":89,"members":[]}}}}],"lifecycleHooks":[]}},{"provider":{"token":{"identifier":{"reference":{"__symbol":88,"members":[]}}},"useClass":{"reference":{"__symbol":90,"members":[]},"diDeps":[{"isAttribute":false,"isHost":false,"isSelf":false,"isSkipSelf":false,"isOptional":false,"token":{"identifier":{"reference":{"__symbol":91,"members":[]}}}}],"lifecycleHooks":[]},"useFactory":null,"useExisting":null,"deps":[{"isAttribute":false,"isHost":false,"isSelf":false,"isSkipSelf":false,"isOptional":false,"token":{"identifier":{"reference":{"__symbol":91,"members":[]}}}}],"multi":false},"module":{"reference":{"__symbol":89,"members":[]},"diDeps":[{"isAttribute":false,"isHost":false,"isSelf":false,"isSkipSelf":true,"isOptional":true,"token":{"identifier":{"reference":{"__symbol":89,"members":[]}}}}],"lifecycleHooks":[]}},{"provider":{"token":{"identifier":{"reference":{"__symbol":67,"members":[]}}},"useClass":null,"useFactory":{"reference":{"__symbol":92,"members":[]},"diDeps":[]},"useExisting":null,"deps":[],"multi":false},"module":{"reference":{"__symbol":89,"members":[]},"diDeps":[{"isAttribute":false,"isHost":false,"isSelf":false,"isSkipSelf":true,"isOptional":true,"token":{"identifier":{"reference":{"__symbol":89,"members":[]}}}}],"lifecycleHooks":[]}},{"provider":{"token":{"identifier":{"reference":{"__symbol":93,"members":[]}}},"useClass":{"reference":{"__symbol":94,"members":[]},"diDeps":[{"isAttribute":false,"isHost":false,"isSelf":false,"isSkipSelf":false,"isOptional":false,"token":{"identifier":{"reference":{"__symbol":91,"members":[]}}}}],"lifecycleHooks":[]},"useFactory":null,"useExisting":null,"deps":[{"isAttribute":false,"isHost":false,"isSelf":false,"isSkipSelf":false,"isOptional":false,"token":{"identifier":{"reference":{"__symbol":91,"members":[]}}}}],"multi":true},"module":{"reference":{"__symbol":89,"members":[]},"diDeps":[{"isAttribute":false,"isHost":false,"isSelf":false,"isSkipSelf":true,"isOptional":true,"token":{"identifier":{"reference":{"__symbol":89,"members":[]}}}}],"lifecycleHooks":[]}},{"provider":{"token":{"identifier":{"reference":{"__symbol":93,"members":[]}}},"useClass":{"reference":{"__symbol":95,"members":[]},"diDeps":[{"isAttribute":false,"isHost":false,"isSelf":false,"isSkipSelf":false,"isOptional":false,"token":{"identifier":{"reference":{"__symbol":91,"members":[]}}}}],"lifecycleHooks":[]},"useFactory":null,"useExisting":null,"deps":[{"isAttribute":false,"isHost":false,"isSelf":false,"isSkipSelf":false,"isOptional":false,"token":{"identifier":{"reference":{"__symbol":91,"members":[]}}}}],"multi":true},"module":{"reference":{"__symbol":89,"members":[]},"diDeps":[{"isAttribute":false,"isHost":false,"isSelf":false,"isSkipSelf":true,"isOptional":true,"token":{"identifier":{"reference":{"__symbol":89,"members":[]}}}}],"lifecycleHooks":[]}},{"provider":{"token":{"identifier":{"reference":{"__symbol":93,"members":[]}}},"useClass":{"reference":{"__symbol":96,"members":[]},"diDeps":[{"isAttribute":false,"isHost":false,"isSelf":false,"isSkipSelf":false,"isOptional":false,"token":{"identifier":{"reference":{"__symbol":91,"members":[]}}}},{"isAttribute":false,"isHost":false,"isSelf":false,"isSkipSelf":false,"isOptional":false,"token":{"identifier":{"reference":{"__symbol":97,"members":[]}}}}],"lifecycleHooks":[]},"useFactory":null,"useExisting":null,"deps":[{"isAttribute":false,"isHost":false,"isSelf":false,"isSkipSelf":false,"isOptional":false,"token":{"identifier":{"reference":{"__symbol":91,"members":[]}}}},{"isAttribute":false,"isHost":false,"isSelf":false,"isSkipSelf":false,"isOptional":false,"token":{"identifier":{"reference":{"__symbol":97,"members":[]}}}}],"multi":true},"module":{"reference":{"__symbol":89,"members":[]},"diDeps":[{"isAttribute":false,"isHost":false,"isSelf":false,"isSkipSelf":true,"isOptional":true,"token":{"identifier":{"reference":{"__symbol":89,"members":[]}}}}],"lifecycleHooks":[]}},{"provider":{"token":{"identifier":{"reference":{"__symbol":97,"members":[]}}},"useClass":{"reference":{"__symbol":98,"members":[]},"diDeps":[],"lifecycleHooks":[]},"useFactory":null,"useExisting":null,"deps":[],"multi":false},"module":{"reference":{"__symbol":89,"members":[]},"diDeps":[{"isAttribute":false,"isHost":false,"isSelf":false,"isSkipSelf":true,"isOptional":true,"token":{"identifier":{"reference":{"__symbol":89,"members":[]}}}}],"lifecycleHooks":[]}},{"provider":{"token":{"identifier":{"reference":{"__symbol":99,"members":[]}}},"useClass":{"reference":{"__symbol":100,"members":[]},"diDeps":[{"isAttribute":false,"isHost":false,"isSelf":false,"isSkipSelf":false,"isOptional":false,"token":{"identifier":{"reference":{"__symbol":91,"members":[]}}}},{"isAttribute":false,"isHost":false,"isSelf":false,"isSkipSelf":false,"isOptional":false,"token":{"identifier":{"reference":{"__symbol":101,"members":[]}}}},{"isAttribute":false,"isHost":false,"isSelf":false,"isSkipSelf":false,"isOptional":false,"token":{"identifier":{"reference":{"__symbol":102,"members":[]}}}},{"isAttribute":false,"isHost":false,"isSelf":false,"isSkipSelf":false,"isOptional":false,"token":{"identifier":{"reference":{"__symbol":103,"members":[]}}}},{"isAttribute":false,"isHost":false,"isSelf":false,"isSkipSelf":false,"isOptional":false,"token":{"identifier":{"reference":{"__symbol":76,"members":[]}}}}],"lifecycleHooks":[]},"useFactory":null,"useExisting":null,"deps":[{"isAttribute":false,"isHost":false,"isSelf":false,"isSkipSelf":false,"isOptional":false,"token":{"identifier":{"reference":{"__symbol":91,"members":[]}}}},{"isAttribute":false,"isHost":false,"isSelf":false,"isSkipSelf":false,"isOptional":false,"token":{"identifier":{"reference":{"__symbol":101,"members":[]}}}},{"isAttribute":false,"isHost":false,"isSelf":false,"isSkipSelf":false,"isOptional":false,"token":{"identifier":{"reference":{"__symbol":102,"members":[]}}}},{"isAttribute":false,"isHost":false,"isSelf":false,"isSkipSelf":false,"isOptional":false,"token":{"identifier":{"reference":{"__symbol":103,"members":[]}}}},{"isAttribute":false,"isHost":false,"isSelf":false,"isSkipSelf":false,"isOptional":false,"token":{"identifier":{"reference":{"__symbol":76,"members":[]}}}}],"multi":false},"module":{"reference":{"__symbol":89,"members":[]},"diDeps":[{"isAttribute":false,"isHost":false,"isSelf":false,"isSkipSelf":true,"isOptional":true,"token":{"identifier":{"reference":{"__symbol":89,"members":[]}}}}],"lifecycleHooks":[]}},{"provider":{"token":{"identifier":{"reference":{"__symbol":79,"members":[]}}},"useClass":null,"useFactory":null,"useExisting":{"identifier":{"reference":{"__symbol":99,"members":[]}}},"multi":false},"module":{"reference":{"__symbol":89,"members":[]},"diDeps":[{"isAttribute":false,"isHost":false,"isSelf":false,"isSkipSelf":true,"isOptional":true,"token":{"identifier":{"reference":{"__symbol":89,"members":[]}}}}],"lifecycleHooks":[]}},{"provider":{"token":{"identifier":{"reference":{"__symbol":104,"members":[]},"diDeps":[{"isAttribute":false,"isHost":false,"isSelf":false,"isSkipSelf":false,"isOptional":false,"token":{"identifier":{"reference":{"__symbol":101,"members":[]}}}},{"isAttribute":false,"isHost":false,"isSelf":false,"isSkipSelf":false,"isOptional":false,"token":{"identifier":{"reference":{"__symbol":102,"members":[]}}}}],"lifecycleHooks":[]}},"useClass":{"reference":{"__symbol":104,"members":[]},"diDeps":[{"isAttribute":false,"isHost":false,"isSelf":false,"isSkipSelf":false,"isOptional":false,"token":{"identifier":{"reference":{"__symbol":101,"members":[]}}}},{"isAttribute":false,"isHost":false,"isSelf":false,"isSkipSelf":false,"isOptional":false,"token":{"identifier":{"reference":{"__symbol":102,"members":[]}}}}],"lifecycleHooks":[]},"useFactory":null,"useExisting":null,"deps":[{"isAttribute":false,"isHost":false,"isSelf":false,"isSkipSelf":false,"isOptional":false,"token":{"identifier":{"reference":{"__symbol":101,"members":[]}}}},{"isAttribute":false,"isHost":false,"isSelf":false,"isSkipSelf":false,"isOptional":false,"token":{"identifier":{"reference":{"__symbol":102,"members":[]}}}}],"multi":false},"module":{"reference":{"__symbol":89,"members":[]},"diDeps":[{"isAttribute":false,"isHost":false,"isSelf":false,"isSkipSelf":true,"isOptional":true,"token":{"identifier":{"reference":{"__symbol":89,"members":[]}}}}],"lifecycleHooks":[]}},{"provider":{"token":{"identifier":{"reference":{"__symbol":105,"members":[]}}},"useClass":null,"useFactory":null,"useExisting":{"identifier":{"reference":{"__symbol":104,"members":[]}}},"multi":false},"module":{"reference":{"__symbol":89,"members":[]},"diDeps":[{"isAttribute":false,"isHost":false,"isSelf":false,"isSkipSelf":true,"isOptional":true,"token":{"identifier":{"reference":{"__symbol":89,"members":[]}}}}],"lifecycleHooks":[]}},{"provider":{"token":{"identifier":{"reference":{"__symbol":106,"members":[]}}},"useClass":null,"useFactory":null,"useExisting":{"identifier":{"reference":{"__symbol":102,"members":[]}}},"multi":false},"module":{"reference":{"__symbol":89,"members":[]},"diDeps":[{"isAttribute":false,"isHost":false,"isSelf":false,"isSkipSelf":true,"isOptional":true,"token":{"identifier":{"reference":{"__symbol":89,"members":[]}}}}],"lifecycleHooks":[]}},{"provider":{"token":{"identifier":{"reference":{"__symbol":103,"members":[]}}},"useClass":null,"useFactory":{"reference":{"__symbol":107,"members":[]},"diDeps":[]},"useExisting":null,"deps":[],"multi":false},"module":{"reference":{"__symbol":89,"members":[]},"diDeps":[{"isAttribute":false,"isHost":false,"isSelf":false,"isSkipSelf":true,"isOptional":true,"token":{"identifier":{"reference":{"__symbol":89,"members":[]}}}}],"lifecycleHooks":[]}},{"provider":{"token":{"identifier":{"reference":{"__symbol":102,"members":[]},"diDeps":[{"isAttribute":false,"isHost":false,"isSelf":false,"isSkipSelf":false,"isOptional":false,"token":{"identifier":{"reference":{"__symbol":91,"members":[]}}}}],"lifecycleHooks":[1]}},"useClass":{"reference":{"__symbol":102,"members":[]},"diDeps":[{"isAttribute":false,"isHost":false,"isSelf":false,"isSkipSelf":false,"isOptional":false,"token":{"identifier":{"reference":{"__symbol":91,"members":[]}}}}],"lifecycleHooks":[1]},"useFactory":null,"useExisting":null,"deps":[{"isAttribute":false,"isHost":false,"isSelf":false,"isSkipSelf":false,"isOptional":false,"token":{"identifier":{"reference":{"__symbol":91,"members":[]}}}}],"multi":false},"module":{"reference":{"__symbol":89,"members":[]},"diDeps":[{"isAttribute":false,"isHost":false,"isSelf":false,"isSkipSelf":true,"isOptional":true,"token":{"identifier":{"reference":{"__symbol":89,"members":[]}}}}],"lifecycleHooks":[]}},{"provider":{"token":{"identifier":{"reference":{"__symbol":71,"members":[]},"diDeps":[{"isAttribute":false,"isHost":false,"isSelf":false,"isSkipSelf":false,"isOptional":false,"token":{"identifier":{"reference":{"__symbol":64,"members":[]}}}}],"lifecycleHooks":[]}},"useClass":{"reference":{"__symbol":71,"members":[]},"diDeps":[{"isAttribute":false,"isHost":false,"isSelf":false,"isSkipSelf":false,"isOptional":false,"token":{"identifier":{"reference":{"__symbol":64,"members":[]}}}}],"lifecycleHooks":[]},"useFactory":null,"useExisting":null,"deps":[{"isAttribute":false,"isHost":false,"isSelf":false,"isSkipSelf":false,"isOptional":false,"token":{"identifier":{"reference":{"__symbol":64,"members":[]}}}}],"multi":false},"module":{"reference":{"__symbol":89,"members":[]},"diDeps":[{"isAttribute":false,"isHost":false,"isSelf":false,"isSkipSelf":true,"isOptional":true,"token":{"identifier":{"reference":{"__symbol":89,"members":[]}}}}],"lifecycleHooks":[]}},{"provider":{"token":{"identifier":{"reference":{"__symbol":101,"members":[]},"diDeps":[{"isAttribute":false,"isHost":false,"isSelf":false,"isSkipSelf":false,"isOptional":false,"token":{"identifier":{"reference":{"__symbol":93,"members":[]}}}},{"isAttribute":false,"isHost":false,"isSelf":false,"isSkipSelf":false,"isOptional":false,"token":{"identifier":{"reference":{"__symbol":64,"members":[]}}}}],"lifecycleHooks":[]}},"useClass":{"reference":{"__symbol":101,"members":[]},"diDeps":[{"isAttribute":false,"isHost":false,"isSelf":false,"isSkipSelf":false,"isOptional":false,"token":{"identifier":{"reference":{"__symbol":93,"members":[]}}}},{"isAttribute":false,"isHost":false,"isSelf":false,"isSkipSelf":false,"isOptional":false,"token":{"identifier":{"reference":{"__symbol":64,"members":[]}}}}],"lifecycleHooks":[]},"useFactory":null,"useExisting":null,"deps":[{"isAttribute":false,"isHost":false,"isSelf":false,"isSkipSelf":false,"isOptional":false,"token":{"identifier":{"reference":{"__symbol":93,"members":[]}}}},{"isAttribute":false,"isHost":false,"isSelf":false,"isSkipSelf":false,"isOptional":false,"token":{"identifier":{"reference":{"__symbol":64,"members":[]}}}}],"multi":false},"module":{"reference":{"__symbol":89,"members":[]},"diDeps":[{"isAttribute":false,"isHost":false,"isSelf":false,"isSkipSelf":true,"isOptional":true,"token":{"identifier":{"reference":{"__symbol":89,"members":[]}}}}],"lifecycleHooks":[]}},{"provider":{"token":{"identifier":{"reference":{"__symbol":79,"members":[]}}},"useClass":null,"useFactory":{"reference":{"__symbol":108,"members":[]},"diDeps":[{"isAttribute":false,"isHost":false,"isSelf":false,"isSkipSelf":false,"isOptional":false,"token":{"identifier":{"reference":{"__symbol":99,"members":[]}}}},{"isAttribute":false,"isHost":false,"isSelf":false,"isSkipSelf":false,"isOptional":true,"token":{"identifier":{"reference":{"__symbol":109,"members":[]}}}},{"isAttribute":false,"isHost":false,"isSelf":false,"isSkipSelf":false,"isOptional":true,"token":{"identifier":{"reference":{"__symbol":110,"members":[]}}}}]},"useExisting":null,"deps":[{"isAttribute":false,"isHost":false,"isSelf":false,"isSkipSelf":false,"isOptional":false,"token":{"identifier":{"reference":{"__symbol":99,"members":[]}}}},{"isAttribute":false,"isHost":false,"isSelf":false,"isSkipSelf":false,"isOptional":true,"token":{"identifier":{"reference":{"__symbol":109,"members":[]}}}},{"isAttribute":false,"isHost":false,"isSelf":false,"isSkipSelf":false,"isOptional":true,"token":{"identifier":{"reference":{"__symbol":110,"members":[]}}}}],"multi":false},"module":{"reference":{"__symbol":89,"members":[]},"diDeps":[{"isAttribute":false,"isHost":false,"isSelf":false,"isSkipSelf":true,"isOptional":true,"token":{"identifier":{"reference":{"__symbol":89,"members":[]}}}}],"lifecycleHooks":[]}},{"provider":{"token":{"identifier":{"reference":{"__symbol":111,"members":[]},"diDeps":[{"isAttribute":false,"isHost":false,"isSelf":false,"isSkipSelf":false,"isOptional":false,"token":{"identifier":{"reference":{"__symbol":91,"members":[]}}}}],"lifecycleHooks":[]}},"useClass":{"reference":{"__symbol":111,"members":[]},"diDeps":[{"isAttribute":false,"isHost":false,"isSelf":false,"isSkipSelf":false,"isOptional":false,"token":{"identifier":{"reference":{"__symbol":91,"members":[]}}}}],"lifecycleHooks":[]},"useFactory":null,"useExisting":null,"deps":[{"isAttribute":false,"isHost":false,"isSelf":false,"isSkipSelf":false,"isOptional":false,"token":{"identifier":{"reference":{"__symbol":91,"members":[]}}}}],"multi":false},"module":{"reference":{"__symbol":89,"members":[]},"diDeps":[{"isAttribute":false,"isHost":false,"isSelf":false,"isSkipSelf":true,"isOptional":true,"token":{"identifier":{"reference":{"__symbol":89,"members":[]}}}}],"lifecycleHooks":[]}},{"provider":{"token":{"identifier":{"reference":{"__symbol":112,"members":[]},"diDeps":[{"isAttribute":false,"isHost":false,"isSelf":false,"isSkipSelf":false,"isOptional":false,"token":{"identifier":{"reference":{"__symbol":91,"members":[]}}}}],"lifecycleHooks":[]}},"useClass":{"reference":{"__symbol":112,"members":[]},"diDeps":[{"isAttribute":false,"isHost":false,"isSelf":false,"isSkipSelf":false,"isOptional":false,"token":{"identifier":{"reference":{"__symbol":91,"members":[]}}}}],"lifecycleHooks":[]},"useFactory":null,"useExisting":null,"deps":[{"isAttribute":false,"isHost":false,"isSelf":false,"isSkipSelf":false,"isOptional":false,"token":{"identifier":{"reference":{"__symbol":91,"members":[]}}}}],"multi":false},"module":{"reference":{"__symbol":89,"members":[]},"diDeps":[{"isAttribute":false,"isHost":false,"isSelf":false,"isSkipSelf":true,"isOptional":true,"token":{"identifier":{"reference":{"__symbol":89,"members":[]}}}}],"lifecycleHooks":[]}},{"provider":{"token":{"identifier":{"reference":{"__symbol":113,"members":[]},"diDeps":[],"lifecycleHooks":[]}},"useClass":{"reference":{"__symbol":113,"members":[]},"diDeps":[],"lifecycleHooks":[]},"useFactory":null,"useExisting":null,"deps":[],"multi":false},"module":{"reference":{"__symbol":114,"members":[]},"diDeps":[],"lifecycleHooks":[]}},{"provider":{"token":{"identifier":{"reference":{"__symbol":115,"members":[]},"diDeps":[],"lifecycleHooks":[]}},"useClass":{"reference":{"__symbol":115,"members":[]},"diDeps":[],"lifecycleHooks":[]},"useFactory":null,"useExisting":null,"deps":[],"multi":false},"module":{"reference":{"__symbol":114,"members":[]},"diDeps":[],"lifecycleHooks":[]}},{"provider":{"token":{"identifier":{"reference":{"__symbol":115,"members":[]},"diDeps":[],"lifecycleHooks":[]}},"useClass":{"reference":{"__symbol":115,"members":[]},"diDeps":[],"lifecycleHooks":[]},"useFactory":null,"useExisting":null,"deps":[],"multi":false},"module":{"reference":{"__symbol":116,"members":[]},"diDeps":[],"lifecycleHooks":[]}},{"provider":{"token":{"identifier":{"reference":{"__symbol":117,"members":[]}}},"useClass":null,"useFactory":{"reference":{"__symbol":118,"members":[]},"diDeps":[{"isAttribute":false,"isHost":false,"isSelf":false,"isSkipSelf":false,"isOptional":false,"token":{"identifier":{"reference":{"__symbol":119,"members":[]}}}},{"isAttribute":false,"isHost":false,"isSelf":false,"isSkipSelf":false,"isOptional":false,"token":{"identifier":{"reference":{"__symbol":120,"members":[]}}}}]},"useExisting":null,"deps":[{"isAttribute":false,"isHost":false,"isSelf":false,"isSkipSelf":false,"isOptional":false,"token":{"identifier":{"reference":{"__symbol":119,"members":[]}}}},{"isAttribute":false,"isHost":false,"isSelf":false,"isSkipSelf":false,"isOptional":false,"token":{"identifier":{"reference":{"__symbol":120,"members":[]}}}}],"multi":false},"module":{"reference":{"__symbol":121,"members":[]},"diDeps":[],"lifecycleHooks":[]}},{"provider":{"token":{"identifier":{"reference":{"__symbol":122,"members":[]},"diDeps":[],"lifecycleHooks":[]}},"useClass":{"reference":{"__symbol":122,"members":[]},"diDeps":[],"lifecycleHooks":[]},"useFactory":null,"useExisting":null,"deps":[],"multi":false},"module":{"reference":{"__symbol":121,"members":[]},"diDeps":[],"lifecycleHooks":[]}},{"provider":{"token":{"identifier":{"reference":{"__symbol":120,"members":[]}}},"useClass":{"reference":{"__symbol":123,"members":[]},"diDeps":[],"lifecycleHooks":[]},"useFactory":null,"useExisting":null,"deps":[],"multi":false},"module":{"reference":{"__symbol":121,"members":[]},"diDeps":[],"lifecycleHooks":[]}},{"provider":{"token":{"identifier":{"reference":{"__symbol":124,"members":[]}}},"useClass":{"reference":{"__symbol":125,"members":[]},"diDeps":[],"lifecycleHooks":[]},"useFactory":null,"useExisting":null,"deps":[],"multi":false},"module":{"reference":{"__symbol":121,"members":[]},"diDeps":[],"lifecycleHooks":[]}},{"provider":{"token":{"identifier":{"reference":{"__symbol":119,"members":[]},"diDeps":[{"isAttribute":false,"isHost":false,"isSelf":false,"isSkipSelf":false,"isOptional":false,"token":{"identifier":{"reference":{"__symbol":122,"members":[]}}}},{"isAttribute":false,"isHost":false,"isSelf":false,"isSkipSelf":false,"isOptional":false,"token":{"identifier":{"reference":{"__symbol":124,"members":[]}}}},{"isAttribute":false,"isHost":false,"isSelf":false,"isSkipSelf":false,"isOptional":false,"token":{"identifier":{"reference":{"__symbol":126,"members":[]}}}}],"lifecycleHooks":[]}},"useClass":{"reference":{"__symbol":119,"members":[]},"diDeps":[{"isAttribute":false,"isHost":false,"isSelf":false,"isSkipSelf":false,"isOptional":false,"token":{"identifier":{"reference":{"__symbol":122,"members":[]}}}},{"isAttribute":false,"isHost":false,"isSelf":false,"isSkipSelf":false,"isOptional":false,"token":{"identifier":{"reference":{"__symbol":124,"members":[]}}}},{"isAttribute":false,"isHost":false,"isSelf":false,"isSkipSelf":false,"isOptional":false,"token":{"identifier":{"reference":{"__symbol":126,"members":[]}}}}],"lifecycleHooks":[]},"useFactory":null,"useExisting":null,"deps":[{"isAttribute":false,"isHost":false,"isSelf":false,"isSkipSelf":false,"isOptional":false,"token":{"identifier":{"reference":{"__symbol":122,"members":[]}}}},{"isAttribute":false,"isHost":false,"isSelf":false,"isSkipSelf":false,"isOptional":false,"token":{"identifier":{"reference":{"__symbol":124,"members":[]}}}},{"isAttribute":false,"isHost":false,"isSelf":false,"isSkipSelf":false,"isOptional":false,"token":{"identifier":{"reference":{"__symbol":126,"members":[]}}}}],"multi":false},"module":{"reference":{"__symbol":121,"members":[]},"diDeps":[],"lifecycleHooks":[]}},{"provider":{"token":{"identifier":{"reference":{"__symbol":126,"members":[]}}},"useClass":null,"useFactory":{"reference":{"__symbol":127,"members":[]},"diDeps":[]},"useExisting":null,"deps":[],"multi":false},"module":{"reference":{"__symbol":121,"members":[]},"diDeps":[],"lifecycleHooks":[]}},{"provider":{"token":{"identifier":{"reference":{"__symbol":128,"members":[]},"diDeps":[{"isAttribute":false,"isHost":false,"isSelf":false,"isSkipSelf":false,"isOptional":false,"token":{"identifier":{"reference":{"__symbol":129,"members":[]}}}}],"lifecycleHooks":[]}},"useClass":{"reference":{"__symbol":128,"members":[]},"diDeps":[{"isAttribute":false,"isHost":false,"isSelf":false,"isSkipSelf":false,"isOptional":false,"token":{"identifier":{"reference":{"__symbol":129,"members":[]}}}}],"lifecycleHooks":[]},"useFactory":null,"useExisting":null,"deps":[{"isAttribute":false,"isHost":false,"isSelf":false,"isSkipSelf":false,"isOptional":false,"token":{"identifier":{"reference":{"__symbol":129,"members":[]}}}}],"multi":false},"module":{"reference":{"__symbol":0,"members":[]},"diDeps":[],"lifecycleHooks":[]}},{"provider":{"token":{"identifier":{"reference":{"__symbol":130,"members":[]}}},"useClass":{"reference":{"__symbol":131,"members":[]},"diDeps":[],"lifecycleHooks":[]},"useFactory":null,"useExisting":null,"deps":[],"multi":false},"module":{"reference":{"__symbol":0,"members":[]},"diDeps":[],"lifecycleHooks":[]}},{"provider":{"token":{"identifier":{"reference":{"__symbol":132,"members":[]}}},"useClass":null,"useFactory":{"reference":{"__symbol":133,"members":[]},"diDeps":[{"isAttribute":false,"isHost":false,"isSelf":false,"isSkipSelf":false,"isOptional":false,"token":{"identifier":{"reference":{"__symbol":73,"members":[]}}}},{"isAttribute":false,"isHost":false,"isSelf":false,"isSkipSelf":false,"isOptional":false,"token":{"identifier":{"reference":{"__symbol":130,"members":[]}}}},{"isAttribute":false,"isHost":false,"isSelf":false,"isSkipSelf":false,"isOptional":false,"token":{"identifier":{"reference":{"__symbol":134,"members":[]}}}},{"isAttribute":false,"isHost":false,"isSelf":false,"isSkipSelf":false,"isOptional":false,"token":{"identifier":{"reference":{"__symbol":128,"members":[]}}}},{"isAttribute":false,"isHost":false,"isSelf":false,"isSkipSelf":false,"isOptional":false,"token":{"identifier":{"reference":{"__symbol":66,"members":[]}}}},{"isAttribute":false,"isHost":false,"isSelf":false,"isSkipSelf":false,"isOptional":false,"token":{"identifier":{"reference":{"__symbol":135,"members":[]}}}},{"isAttribute":false,"isHost":false,"isSelf":false,"isSkipSelf":false,"isOptional":false,"token":{"identifier":{"reference":{"__symbol":75,"members":[]}}}},{"isAttribute":false,"isHost":false,"isSelf":false,"isSkipSelf":false,"isOptional":false,"token":{"identifier":{"reference":{"__symbol":136,"members":[]}}}},{"isAttribute":false,"isHost":false,"isSelf":false,"isSkipSelf":false,"isOptional":false,"token":{"identifier":{"reference":{"__symbol":137,"members":[]}}}},{"isAttribute":false,"isHost":false,"isSelf":false,"isSkipSelf":false,"isOptional":true,"token":{"identifier":{"reference":{"__symbol":138,"members":[]}}}},{"isAttribute":false,"isHost":false,"isSelf":false,"isSkipSelf":false,"isOptional":true,"token":{"identifier":{"reference":{"__symbol":139,"members":[]}}}}]},"useExisting":null,"deps":[{"isAttribute":false,"isHost":false,"isSelf":false,"isSkipSelf":false,"isOptional":false,"token":{"identifier":{"reference":{"__symbol":73,"members":[]}}}},{"isAttribute":false,"isHost":false,"isSelf":false,"isSkipSelf":false,"isOptional":false,"token":{"identifier":{"reference":{"__symbol":130,"members":[]}}}},{"isAttribute":false,"isHost":false,"isSelf":false,"isSkipSelf":false,"isOptional":false,"token":{"identifier":{"reference":{"__symbol":134,"members":[]}}}},{"isAttribute":false,"isHost":false,"isSelf":false,"isSkipSelf":false,"isOptional":false,"token":{"identifier":{"reference":{"__symbol":128,"members":[]}}}},{"isAttribute":false,"isHost":false,"isSelf":false,"isSkipSelf":false,"isOptional":false,"token":{"identifier":{"reference":{"__symbol":66,"members":[]}}}},{"isAttribute":false,"isHost":false,"isSelf":false,"isSkipSelf":false,"isOptional":false,"token":{"identifier":{"reference":{"__symbol":135,"members":[]}}}},{"isAttribute":false,"isHost":false,"isSelf":false,"isSkipSelf":false,"isOptional":false,"token":{"identifier":{"reference":{"__symbol":75,"members":[]}}}},{"isAttribute":false,"isHost":false,"isSelf":false,"isSkipSelf":false,"isOptional":false,"token":{"identifier":{"reference":{"__symbol":136,"members":[]}}}},{"isAttribute":false,"isHost":false,"isSelf":false,"isSkipSelf":false,"isOptional":false,"token":{"identifier":{"reference":{"__symbol":137,"members":[]}}}},{"isAttribute":false,"isHost":false,"isSelf":false,"isSkipSelf":false,"isOptional":true,"token":{"identifier":{"reference":{"__symbol":138,"members":[]}}}},{"isAttribute":false,"isHost":false,"isSelf":false,"isSkipSelf":false,"isOptional":true,"token":{"identifier":{"reference":{"__symbol":139,"members":[]}}}}],"multi":false},"module":{"reference":{"__symbol":0,"members":[]},"diDeps":[],"lifecycleHooks":[]}},{"provider":{"token":{"identifier":{"reference":{"__symbol":134,"members":[]},"diDeps":[],"lifecycleHooks":[]}},"useClass":{"reference":{"__symbol":134,"members":[]},"diDeps":[],"lifecycleHooks":[]},"useFactory":null,"useExisting":null,"deps":[],"multi":false},"module":{"reference":{"__symbol":0,"members":[]},"diDeps":[],"lifecycleHooks":[]}},{"provider":{"token":{"identifier":{"reference":{"__symbol":140,"members":[]}}},"useClass":null,"useFactory":{"reference":{"__symbol":141,"members":[]},"diDeps":[{"isAttribute":false,"isHost":false,"isSelf":false,"isSkipSelf":false,"isOptional":false,"token":{"identifier":{"reference":{"__symbol":132,"members":[]}}}}]},"useExisting":null,"deps":[{"isAttribute":false,"isHost":false,"isSelf":false,"isSkipSelf":false,"isOptional":false,"token":{"identifier":{"reference":{"__symbol":132,"members":[]}}}}],"multi":false},"module":{"reference":{"__symbol":0,"members":[]},"diDeps":[],"lifecycleHooks":[]}},{"provider":{"token":{"identifier":{"reference":{"__symbol":135,"members":[]}}},"useClass":{"reference":{"__symbol":142,"members":[]},"diDeps":[{"isAttribute":false,"isHost":false,"isSelf":false,"isSkipSelf":false,"isOptional":false,"token":{"identifier":{"reference":{"__symbol":75,"members":[]}}}},{"isAttribute":false,"isHost":false,"isSelf":false,"isSkipSelf":false,"isOptional":true,"token":{"identifier":{"reference":{"__symbol":143,"members":[]}}}}],"lifecycleHooks":[]},"useFactory":null,"useExisting":null,"deps":[{"isAttribute":false,"isHost":false,"isSelf":false,"isSkipSelf":false,"isOptional":false,"token":{"identifier":{"reference":{"__symbol":75,"members":[]}}}},{"isAttribute":false,"isHost":false,"isSelf":false,"isSkipSelf":false,"isOptional":true,"token":{"identifier":{"reference":{"__symbol":143,"members":[]}}}}],"multi":false},"module":{"reference":{"__symbol":0,"members":[]},"diDeps":[],"lifecycleHooks":[]}},{"provider":{"token":{"identifier":{"reference":{"__symbol":144,"members":[]},"diDeps":[{"isAttribute":false,"isHost":false,"isSelf":false,"isSkipSelf":false,"isOptional":false,"token":{"identifier":{"reference":{"__symbol":132,"members":[]}}}},{"isAttribute":false,"isHost":false,"isSelf":false,"isSkipSelf":false,"isOptional":false,"token":{"identifier":{"reference":{"__symbol":135,"members":[]}}}},{"isAttribute":false,"isHost":false,"isSelf":false,"isSkipSelf":false,"isOptional":false,"token":{"identifier":{"reference":{"__symbol":75,"members":[]}}}},{"isAttribute":false,"isHost":false,"isSelf":false,"isSkipSelf":false,"isOptional":false,"token":{"identifier":{"reference":{"__symbol":66,"members":[]}}}},{"isAttribute":false,"isHost":false,"isSelf":false,"isSkipSelf":false,"isOptional":false,"token":{"identifier":{"reference":{"__symbol":145,"members":[]}}}}],"lifecycleHooks":[1]}},"useClass":{"reference":{"__symbol":144,"members":[]},"diDeps":[{"isAttribute":false,"isHost":false,"isSelf":false,"isSkipSelf":false,"isOptional":false,"token":{"identifier":{"reference":{"__symbol":132,"members":[]}}}},{"isAttribute":false,"isHost":false,"isSelf":false,"isSkipSelf":false,"isOptional":false,"token":{"identifier":{"reference":{"__symbol":135,"members":[]}}}},{"isAttribute":false,"isHost":false,"isSelf":false,"isSkipSelf":false,"isOptional":false,"token":{"identifier":{"reference":{"__symbol":75,"members":[]}}}},{"isAttribute":false,"isHost":false,"isSelf":false,"isSkipSelf":false,"isOptional":false,"token":{"identifier":{"reference":{"__symbol":66,"members":[]}}}},{"isAttribute":false,"isHost":false,"isSelf":false,"isSkipSelf":false,"isOptional":false,"token":{"identifier":{"reference":{"__symbol":145,"members":[]}}}}],"lifecycleHooks":[1]},"useFactory":null,"useExisting":null,"deps":[{"isAttribute":false,"isHost":false,"isSelf":false,"isSkipSelf":false,"isOptional":false,"token":{"identifier":{"reference":{"__symbol":132,"members":[]}}}},{"isAttribute":false,"isHost":false,"isSelf":false,"isSkipSelf":false,"isOptional":false,"token":{"identifier":{"reference":{"__symbol":135,"members":[]}}}},{"isAttribute":false,"isHost":false,"isSelf":false,"isSkipSelf":false,"isOptional":false,"token":{"identifier":{"reference":{"__symbol":75,"members":[]}}}},{"isAttribute":false,"isHost":false,"isSelf":false,"isSkipSelf":false,"isOptional":false,"token":{"identifier":{"reference":{"__symbol":66,"members":[]}}}},{"isAttribute":false,"isHost":false,"isSelf":false,"isSkipSelf":false,"isOptional":false,"token":{"identifier":{"reference":{"__symbol":145,"members":[]}}}}],"multi":false},"module":{"reference":{"__symbol":0,"members":[]},"diDeps":[],"lifecycleHooks":[]}},{"provider":{"token":{"identifier":{"reference":{"__symbol":146,"members":[]},"diDeps":[],"lifecycleHooks":[]}},"useClass":{"reference":{"__symbol":146,"members":[]},"diDeps":[],"lifecycleHooks":[]},"useFactory":null,"useExisting":null,"deps":[],"multi":false},"module":{"reference":{"__symbol":0,"members":[]},"diDeps":[],"lifecycleHooks":[]}},{"provider":{"token":{"identifier":{"reference":{"__symbol":147,"members":[]},"diDeps":[],"lifecycleHooks":[]}},"useClass":{"reference":{"__symbol":147,"members":[]},"diDeps":[],"lifecycleHooks":[]},"useFactory":null,"useExisting":null,"deps":[],"multi":false},"module":{"reference":{"__symbol":0,"members":[]},"diDeps":[],"lifecycleHooks":[]}},{"provider":{"token":{"identifier":{"reference":{"__symbol":137,"members":[]}}},"useClass":null,"useValue":{"enableTracing":false},"useFactory":null,"useExisting":null,"multi":false},"module":{"reference":{"__symbol":0,"members":[]},"diDeps":[],"lifecycleHooks":[]}},{"provider":{"token":{"identifier":{"reference":{"__symbol":136,"members":[]}}},"useClass":null,"useValue":[{"path":"","redirectTo":"/about","pathMatch":"full"},{"path":"about","component":{"__symbol":1,"members":[]}},{"path":"demo","component":{"__symbol":3,"members":[]},"children":[{"path":"spreadsheet","component":{"__symbol":5,"members":[]}},{"path":"jquery","component":{"__symbol":7,"members":[]}},{"path":"react","component":{"__symbol":9,"members":[]}},{"path":"algorithms","component":{"__symbol":11,"members":[]}},{"path":"graph","component":{"__symbol":13,"members":[]}},{"path":"pub-sub","component":{"__symbol":15,"members":[]}},{"path":"text-editor","component":{"__symbol":17,"members":[]}},{"path":"address","component":{"__symbol":19,"members":[]}},{"path":"http","component":{"__symbol":21,"members":[]}},{"path":"treeview","component":{"__symbol":23,"members":[]}},{"path":"grid","component":{"__symbol":25,"members":[]}},{"path":"input","component":{"__symbol":27,"members":[]}},{"path":"contact","component":{"__symbol":29,"members":[]}},{"path":"textbox","component":{"__symbol":31,"members":[]}},{"path":"non-bindable","component":{"__symbol":33,"members":[]}},{"path":"form","component":{"__symbol":35,"members":[]}},{"path":"change","component":{"__symbol":37,"members":[]}},{"path":"parent-child","component":{"__symbol":39,"members":[]}},{"path":"survey","component":{"__symbol":41,"members":[]}},{"path":"redux","component":{"__symbol":43,"members":[]}},{"path":"iodemo","component":{"__symbol":45,"members":[]}},{"path":"rxjs","component":{"__symbol":47,"members":[]}},{"path":"friends","component":{"__symbol":49,"members":[]}},{"path":"buffering","component":{"__symbol":51,"members":[]}},{"path":"countries","component":{"__symbol":53,"members":[]}}]}],"useFactory":null,"useExisting":null,"multi":true},"module":{"reference":{"__symbol":0,"members":[]},"diDeps":[],"lifecycleHooks":[]}},{"provider":{"token":{"identifier":{"reference":{"__symbol":148,"members":[]}}},"useClass":null,"useFactory":{"reference":{"__symbol":149,"members":[]},"diDeps":[{"isAttribute":false,"isHost":false,"isSelf":false,"isSkipSelf":true,"isOptional":true,"token":{"identifier":{"reference":{"__symbol":132,"members":[]}}}}]},"useExisting":null,"deps":[{"isAttribute":false,"isHost":false,"isSelf":false,"isSkipSelf":true,"isOptional":true,"token":{"identifier":{"reference":{"__symbol":132,"members":[]}}}}],"multi":false},"module":{"reference":{"__symbol":0,"members":[]},"diDeps":[],"lifecycleHooks":[]}},{"provider":{"token":{"identifier":{"reference":{"__symbol":137,"members":[]}}},"useClass":null,"useValue":{},"useFactory":null,"useExisting":null,"multi":false},"module":{"reference":{"__symbol":0,"members":[]},"diDeps":[],"lifecycleHooks":[]}},{"provider":{"token":{"identifier":{"reference":{"__symbol":129,"members":[]}}},"useClass":null,"useFactory":{"reference":{"__symbol":150,"members":[]},"diDeps":[{"isAttribute":false,"isHost":false,"isSelf":false,"isSkipSelf":false,"isOptional":false,"token":{"identifier":{"reference":{"__symbol":151,"members":[]}}}},{"isAttribute":false,"isHost":false,"isSelf":false,"isSkipSelf":false,"isOptional":true,"token":{"identifier":{"reference":{"__symbol":152,"members":[]}}}},{"isAttribute":false,"isHost":false,"isSelf":false,"isSkipSelf":false,"isOptional":false,"token":{"identifier":{"reference":{"__symbol":137,"members":[]}}}}]},"useExisting":null,"deps":[{"isAttribute":false,"isHost":false,"isSelf":false,"isSkipSelf":false,"isOptional":false,"token":{"identifier":{"reference":{"__symbol":151,"members":[]}}}},{"isAttribute":false,"isHost":false,"isSelf":false,"isSkipSelf":false,"isOptional":true,"token":{"identifier":{"reference":{"__symbol":152,"members":[]}}}},{"isAttribute":false,"isHost":false,"isSelf":false,"isSkipSelf":false,"isOptional":false,"token":{"identifier":{"reference":{"__symbol":137,"members":[]}}}}],"multi":false},"module":{"reference":{"__symbol":0,"members":[]},"diDeps":[],"lifecycleHooks":[]}},{"provider":{"token":{"identifier":{"reference":{"__symbol":145,"members":[]}}},"useClass":null,"useFactory":null,"useExisting":{"identifier":{"reference":{"__symbol":146,"members":[]}}},"multi":false},"module":{"reference":{"__symbol":0,"members":[]},"diDeps":[],"lifecycleHooks":[]}},{"provider":{"token":{"identifier":{"reference":{"__symbol":110,"members":[]}}},"useClass":null,"useFactory":{"reference":{"__symbol":153,"members":[]},"diDeps":[]},"useExisting":null,"deps":[],"multi":true},"module":{"reference":{"__symbol":0,"members":[]},"diDeps":[],"lifecycleHooks":[]}},{"provider":{"token":{"identifier":{"reference":{"__symbol":154,"members":[]}}},"useClass":null,"useFactory":{"reference":{"__symbol":155,"members":[]},"diDeps":[{"isAttribute":false,"isHost":false,"isSelf":false,"isSkipSelf":false,"isOptional":false,"token":{"identifier":{"reference":{"__symbol":132,"members":[]}}}},{"isAttribute":false,"isHost":false,"isSelf":false,"isSkipSelf":false,"isOptional":false,"token":{"identifier":{"reference":{"__symbol":73,"members":[]}}}},{"isAttribute":false,"isHost":false,"isSelf":false,"isSkipSelf":false,"isOptional":false,"token":{"identifier":{"reference":{"__symbol":144,"members":[]}}}},{"isAttribute":false,"isHost":false,"isSelf":false,"isSkipSelf":false,"isOptional":false,"token":{"identifier":{"reference":{"__symbol":137,"members":[]}}}}]},"useExisting":null,"deps":[{"isAttribute":false,"isHost":false,"isSelf":false,"isSkipSelf":false,"isOptional":false,"token":{"identifier":{"reference":{"__symbol":132,"members":[]}}}},{"isAttribute":false,"isHost":false,"isSelf":false,"isSkipSelf":false,"isOptional":false,"token":{"identifier":{"reference":{"__symbol":73,"members":[]}}}},{"isAttribute":false,"isHost":false,"isSelf":false,"isSkipSelf":false,"isOptional":false,"token":{"identifier":{"reference":{"__symbol":144,"members":[]}}}},{"isAttribute":false,"isHost":false,"isSelf":false,"isSkipSelf":false,"isOptional":false,"token":{"identifier":{"reference":{"__symbol":137,"members":[]}}}}],"multi":false},"module":{"reference":{"__symbol":0,"members":[]},"diDeps":[],"lifecycleHooks":[]}},{"provider":{"token":{"identifier":{"reference":{"__symbol":156,"members":[]}}},"useClass":null,"useFactory":null,"useExisting":{"identifier":{"reference":{"__symbol":154,"members":[]}}},"multi":true},"module":{"reference":{"__symbol":0,"members":[]},"diDeps":[],"lifecycleHooks":[]}},{"provider":{"token":{"identifier":{"reference":{"__symbol":157,"members":[]},"diDeps":[],"lifecycleHooks":[]}},"useClass":{"reference":{"__symbol":157,"members":[]},"diDeps":[],"lifecycleHooks":[]},"useFactory":null,"useExisting":null,"deps":[],"multi":false},"module":{"reference":{"__symbol":0,"members":[]},"diDeps":[],"lifecycleHooks":[]}},{"provider":{"token":{"identifier":{"reference":{"__symbol":129,"members":[]}}},"useClass":{"reference":{"__symbol":158,"members":[]},"diDeps":[{"isAttribute":false,"isHost":false,"isSelf":false,"isSkipSelf":false,"isOptional":false,"token":{"identifier":{"reference":{"__symbol":151,"members":[]}}}},{"isAttribute":false,"isHost":false,"isSelf":false,"isSkipSelf":false,"isOptional":true,"token":{"identifier":{"reference":{"__symbol":152,"members":[]}}}}],"lifecycleHooks":[]},"useFactory":null,"useExisting":null,"deps":[{"isAttribute":false,"isHost":false,"isSelf":false,"isSkipSelf":false,"isOptional":false,"token":{"identifier":{"reference":{"__symbol":151,"members":[]}}}},{"isAttribute":false,"isHost":false,"isSelf":false,"isSkipSelf":false,"isOptional":true,"token":{"identifier":{"reference":{"__symbol":152,"members":[]}}}}],"multi":false},"module":{"reference":{"__symbol":0,"members":[]},"diDeps":[],"lifecycleHooks":[]}}],"modules":[{"reference":{"__symbol":62,"members":[]},"diDeps":[],"lifecycleHooks":[]},{"reference":{"__symbol":72,"members":[]},"diDeps":[],"lifecycleHooks":[]},{"reference":{"__symbol":89,"members":[]},"diDeps":[{"isAttribute":false,"isHost":false,"isSelf":false,"isSkipSelf":true,"isOptional":true,"token":{"identifier":{"reference":{"__symbol":89,"members":[]}}}}],"lifecycleHooks":[]},{"reference":{"__symbol":159,"members":[]},"diDeps":[],"lifecycleHooks":[]},{"reference":{"__symbol":114,"members":[]},"diDeps":[],"lifecycleHooks":[]},{"reference":{"__symbol":160,"members":[]},"diDeps":[{"isAttribute":false,"isHost":false,"isSelf":false,"isSkipSelf":false,"isOptional":true,"token":{"identifier":{"reference":{"__symbol":148,"members":[]}}}}],"lifecycleHooks":[]},{"reference":{"__symbol":116,"members":[]},"diDeps":[],"lifecycleHooks":[]},{"reference":{"__symbol":121,"members":[]},"diDeps":[],"lifecycleHooks":[]},{"reference":{"__symbol":0,"members":[]},"diDeps":[],"lifecycleHooks":[]}],"exportedDirectives":[],"exportedPipes":[]}}],"symbols":[{"__symbol":0,"name":"AppModule","filePath":"/Users/tor/Development/angular-2-samples/app.module.d.ts"},{"__symbol":1,"name":"About","filePath":"/Users/tor/Development/angular-2-samples/components/about/about.d.ts"},{"__symbol":2,"name":"AboutNgFactory","filePath":"/Users/tor/Development/angular-2-samples/components/about/about.ngfactory.d.ts"},{"__symbol":3,"name":"DemoPage","filePath":"/Users/tor/Development/angular-2-samples/demo-page.d.ts"},{"__symbol":4,"name":"DemoPageNgFactory","filePath":"/Users/tor/Development/angular-2-samples/demo-page.ngfactory.d.ts"},{"__symbol":5,"name":"Spreadsheet","filePath":"/Users/tor/Development/angular-2-samples/components/spreadsheet/spreadsheet.d.ts"},{"__symbol":6,"name":"SpreadsheetNgFactory","filePath":"/Users/tor/Development/angular-2-samples/components/spreadsheet/spreadsheet.ngfactory.d.ts"},{"__symbol":7,"name":"JqueryIntegration","filePath":"/Users/tor/Development/angular-2-samples/components/jquery-integration/jquery-integration.d.ts"},{"__symbol":8,"name":"JqueryIntegrationNgFactory","filePath":"/Users/tor/Development/angular-2-samples/components/jquery-integration/jquery-integration.ngfactory.d.ts"},{"__symbol":9,"name":"Angular2Host","filePath":"/Users/tor/Development/angular-2-samples/components/react-integration/angular-2-host.d.ts"},{"__symbol":10,"name":"Angular2HostNgFactory","filePath":"/Users/tor/Development/angular-2-samples/components/react-integration/angular-2-host.ngfactory.d.ts"},{"__symbol":11,"name":"Algorithms","filePath":"/Users/tor/Development/angular-2-samples/components/algorithms/algorithms.d.ts"},{"__symbol":12,"name":"AlgorithmsNgFactory","filePath":"/Users/tor/Development/angular-2-samples/components/algorithms/algorithms.ngfactory.d.ts"},{"__symbol":13,"name":"Graph","filePath":"/Users/tor/Development/angular-2-samples/components/algorithms/graph/graph.d.ts"},{"__symbol":14,"name":"GraphNgFactory","filePath":"/Users/tor/Development/angular-2-samples/components/algorithms/graph/graph.ngfactory.d.ts"},{"__symbol":15,"name":"PubSub","filePath":"/Users/tor/Development/angular-2-samples/components/pub-sub/pub-sub.d.ts"},{"__symbol":16,"name":"PubSubNgFactory","filePath":"/Users/tor/Development/angular-2-samples/components/pub-sub/pub-sub.ngfactory.d.ts"},{"__symbol":17,"name":"TextEditor","filePath":"/Users/tor/Development/angular-2-samples/components/text-editor/text-editor.d.ts"},{"__symbol":18,"name":"TextEditorNgFactory","filePath":"/Users/tor/Development/angular-2-samples/components/text-editor/text-editor.ngfactory.d.ts"},{"__symbol":19,"name":"AddressBook","filePath":"/Users/tor/Development/angular-2-samples/components/dependency-injection/address-book.d.ts"},{"__symbol":20,"name":"AddressBookNgFactory","filePath":"/Users/tor/Development/angular-2-samples/components/dependency-injection/address-book.ngfactory.d.ts"},{"__symbol":21,"name":"HttpSample","filePath":"/Users/tor/Development/angular-2-samples/components/http/http.d.ts"},{"__symbol":22,"name":"HttpSampleNgFactory","filePath":"/Users/tor/Development/angular-2-samples/components/http/http.ngfactory.d.ts"},{"__symbol":23,"name":"TreeViewDemo","filePath":"/Users/tor/Development/angular-2-samples/components/tree-view/tree-view-demo.d.ts"},{"__symbol":24,"name":"TreeViewDemoNgFactory","filePath":"/Users/tor/Development/angular-2-samples/components/tree-view/tree-view-demo.ngfactory.d.ts"},{"__symbol":25,"name":"GridDemo","filePath":"/Users/tor/Development/angular-2-samples/components/grid/grid-demo.d.ts"},{"__symbol":26,"name":"GridDemoNgFactory","filePath":"/Users/tor/Development/angular-2-samples/components/grid/grid-demo.ngfactory.d.ts"},{"__symbol":27,"name":"InputControls","filePath":"/Users/tor/Development/angular-2-samples/components/input-controls/input-controls.d.ts"},{"__symbol":28,"name":"InputControlsNgFactory","filePath":"/Users/tor/Development/angular-2-samples/components/input-controls/input-controls.ngfactory.d.ts"},{"__symbol":29,"name":"ContactList","filePath":"/Users/tor/Development/angular-2-samples/components/contact-list/contact-list.d.ts"},{"__symbol":30,"name":"ContactListNgFactory","filePath":"/Users/tor/Development/angular-2-samples/components/contact-list/contact-list.ngfactory.d.ts"},{"__symbol":31,"name":"BoundTextbox","filePath":"/Users/tor/Development/angular-2-samples/components/bound-textbox/bound-textbox.d.ts"},{"__symbol":32,"name":"BoundTextboxNgFactory","filePath":"/Users/tor/Development/angular-2-samples/components/bound-textbox/bound-textbox.ngfactory.d.ts"},{"__symbol":33,"name":"IgnoreBindings","filePath":"/Users/tor/Development/angular-2-samples/components/non-bindable/non-bindable.d.ts"},{"__symbol":34,"name":"IgnoreBindingsNgFactory","filePath":"/Users/tor/Development/angular-2-samples/components/non-bindable/non-bindable.ngfactory.d.ts"},{"__symbol":35,"name":"AddressForm","filePath":"/Users/tor/Development/angular-2-samples/components/address-form/address-form.d.ts"},{"__symbol":36,"name":"AddressFormNgFactory","filePath":"/Users/tor/Development/angular-2-samples/components/address-form/address-form.ngfactory.d.ts"},{"__symbol":37,"name":"CommentDemo","filePath":"/Users/tor/Development/angular-2-samples/components/change-detection/comment-demo.d.ts"},{"__symbol":38,"name":"CommentDemoNgFactory","filePath":"/Users/tor/Development/angular-2-samples/components/change-detection/comment-demo.ngfactory.d.ts"},{"__symbol":39,"name":"Parent","filePath":"/Users/tor/Development/angular-2-samples/components/access-child-components/parent.d.ts"},{"__symbol":40,"name":"ParentNgFactory","filePath":"/Users/tor/Development/angular-2-samples/components/access-child-components/parent.ngfactory.d.ts"},{"__symbol":41,"name":"SurveyDemo","filePath":"/Users/tor/Development/angular-2-samples/components/survey/survey-demo.d.ts"},{"__symbol":42,"name":"SurveyDemoNgFactory","filePath":"/Users/tor/Development/angular-2-samples/components/survey/survey-demo.ngfactory.d.ts"},{"__symbol":43,"name":"LogDemo","filePath":"/Users/tor/Development/angular-2-samples/components/log-tail/log-demo.d.ts"},{"__symbol":44,"name":"LogDemoNgFactory","filePath":"/Users/tor/Development/angular-2-samples/components/log-tail/log-demo.ngfactory.d.ts"},{"__symbol":45,"name":"InputOutputDemo","filePath":"/Users/tor/Development/angular-2-samples/components/input-output/input-output-demo.d.ts"},{"__symbol":46,"name":"InputOutputDemoNgFactory","filePath":"/Users/tor/Development/angular-2-samples/components/input-output/input-output-demo.ngfactory.d.ts"},{"__symbol":47,"name":"RxJsStreams","filePath":"/Users/tor/Development/angular-2-samples/components/rxjs-streams/rxjs-streams.d.ts"},{"__symbol":48,"name":"RxJsStreamsNgFactory","filePath":"/Users/tor/Development/angular-2-samples/components/rxjs-streams/rxjs-streams.ngfactory.d.ts"},{"__symbol":49,"name":"CachingDemo","filePath":"/Users/tor/Development/angular-2-samples/components/rxjs-caching/caching-demo.d.ts"},{"__symbol":50,"name":"CachingDemoNgFactory","filePath":"/Users/tor/Development/angular-2-samples/components/rxjs-caching/caching-demo.ngfactory.d.ts"},{"__symbol":51,"name":"RxJsBuffering","filePath":"/Users/tor/Development/angular-2-samples/components/rxjs-buffering/rxjs-buffering.d.ts"},{"__symbol":52,"name":"RxJsBufferingNgFactory","filePath":"/Users/tor/Development/angular-2-samples/components/rxjs-buffering/rxjs-buffering.ngfactory.d.ts"},{"__symbol":53,"name":"CountryDemo","filePath":"/Users/tor/Development/angular-2-samples/components/lazy-loaded-tree-view/country-demo.d.ts"},{"__symbol":54,"name":"CountryDemoNgFactory","filePath":"/Users/tor/Development/angular-2-samples/components/lazy-loaded-tree-view/country-demo.ngfactory.d.ts"},{"__symbol":55,"name":"Edge","filePath":"/Users/tor/Development/angular-2-samples/components/algorithms/graph/edge.d.ts"},{"__symbol":56,"name":"EdgeNgFactory","filePath":"/Users/tor/Development/angular-2-samples/components/algorithms/graph/edge.ngfactory.d.ts"},{"__symbol":57,"name":"AppComponent","filePath":"/Users/tor/Development/angular-2-samples/app.component.d.ts"},{"__symbol":58,"name":"AppComponentNgFactory","filePath":"/Users/tor/Development/angular-2-samples/app.component.ngfactory.d.ts"},{"__symbol":59,"name":"NgLocalization","filePath":"/Users/tor/Development/angular-2-samples/node_modules/@angular/common/typings/common.d.ts"},{"__symbol":60,"name":"NgLocaleLocalization","filePath":"/Users/tor/Development/angular-2-samples/node_modules/@angular/common/typings/common.d.ts"},{"__symbol":61,"name":"LOCALE_ID","filePath":"/Users/tor/Development/angular-2-samples/node_modules/@angular/core/typings/core.d.ts"},{"__symbol":62,"name":"CommonModule","filePath":"/Users/tor/Development/angular-2-samples/node_modules/@angular/common/typings/common.d.ts"},{"__symbol":63,"name":"ɵf","filePath":"/Users/tor/Development/angular-2-samples/node_modules/@angular/core/typings/core.d.ts"},{"__symbol":64,"name":"NgZone","filePath":"/Users/tor/Development/angular-2-samples/node_modules/@angular/core/typings/core.d.ts"},{"__symbol":65,"name":"ɵConsole","filePath":"/Users/tor/Development/angular-2-samples/node_modules/@angular/core/typings/core.d.ts"},{"__symbol":66,"name":"Injector","filePath":"/Users/tor/Development/angular-2-samples/node_modules/@angular/core/typings/core.d.ts"},{"__symbol":67,"name":"ErrorHandler","filePath":"/Users/tor/Development/angular-2-samples/node_modules/@angular/core/typings/core.d.ts"},{"__symbol":68,"name":"ComponentFactoryResolver","filePath":"/Users/tor/Development/angular-2-samples/node_modules/@angular/core/typings/core.d.ts"},{"__symbol":69,"name":"ApplicationInitStatus","filePath":"/Users/tor/Development/angular-2-samples/node_modules/@angular/core/typings/core.d.ts"},{"__symbol":70,"name":"TestabilityRegistry","filePath":"/Users/tor/Development/angular-2-samples/node_modules/@angular/core/typings/core.d.ts"},{"__symbol":71,"name":"Testability","filePath":"/Users/tor/Development/angular-2-samples/node_modules/@angular/core/typings/core.d.ts"},{"__symbol":72,"name":"ApplicationModule","filePath":"/Users/tor/Development/angular-2-samples/node_modules/@angular/core/typings/core.d.ts"},{"__symbol":73,"name":"ApplicationRef","filePath":"/Users/tor/Development/angular-2-samples/node_modules/@angular/core/typings/core.d.ts"},{"__symbol":74,"name":"APP_INITIALIZER","filePath":"/Users/tor/Development/angular-2-samples/node_modules/@angular/core/typings/core.d.ts"},{"__symbol":75,"name":"Compiler","filePath":"/Users/tor/Development/angular-2-samples/node_modules/@angular/core/typings/core.d.ts"},{"__symbol":76,"name":"APP_ID","filePath":"/Users/tor/Development/angular-2-samples/node_modules/@angular/core/typings/core.d.ts"},{"__symbol":77,"name":"ɵg","filePath":"/Users/tor/Development/angular-2-samples/node_modules/@angular/core/typings/core.d.ts"},{"__symbol":78,"name":"ɵViewUtils","filePath":"/Users/tor/Development/angular-2-samples/node_modules/@angular/core/typings/core.d.ts"},{"__symbol":79,"name":"RootRenderer","filePath":"/Users/tor/Development/angular-2-samples/node_modules/@angular/core/typings/core.d.ts"},{"__symbol":80,"name":"Sanitizer","filePath":"/Users/tor/Development/angular-2-samples/node_modules/@angular/core/typings/core.d.ts"},{"__symbol":81,"name":"ɵz","filePath":"/Users/tor/Development/angular-2-samples/node_modules/@angular/core/typings/core.d.ts"},{"__symbol":82,"name":"IterableDiffers","filePath":"/Users/tor/Development/angular-2-samples/node_modules/@angular/core/typings/core.d.ts"},{"__symbol":83,"name":"ɵm","filePath":"/Users/tor/Development/angular-2-samples/node_modules/@angular/core/typings/core.d.ts"},{"__symbol":84,"name":"KeyValueDiffers","filePath":"/Users/tor/Development/angular-2-samples/node_modules/@angular/core/typings/core.d.ts"},{"__symbol":85,"name":"ɵn","filePath":"/Users/tor/Development/angular-2-samples/node_modules/@angular/core/typings/core.d.ts"},{"__symbol":86,"name":"ɵo","filePath":"/Users/tor/Development/angular-2-samples/node_modules/@angular/core/typings/core.d.ts"},{"__symbol":87,"name":"ɵp","filePath":"/Users/tor/Development/angular-2-samples/node_modules/@angular/core/typings/core.d.ts"},{"__symbol":88,"name":"DomSanitizer","filePath":"/Users/tor/Development/angular-2-samples/node_modules/@angular/platform-browser/typings/platform-browser.d.ts"},{"__symbol":89,"name":"BrowserModule","filePath":"/Users/tor/Development/angular-2-samples/node_modules/@angular/platform-browser/typings/platform-browser.d.ts"},{"__symbol":90,"name":"ɵf","filePath":"/Users/tor/Development/angular-2-samples/node_modules/@angular/platform-browser/typings/platform-browser.d.ts"},{"__symbol":91,"name":"DOCUMENT","filePath":"/Users/tor/Development/angular-2-samples/node_modules/@angular/platform-browser/typings/platform-browser.d.ts"},{"__symbol":92,"name":"ɵa","filePath":"/Users/tor/Development/angular-2-samples/node_modules/@angular/platform-browser/typings/platform-browser.d.ts"},{"__symbol":93,"name":"EVENT_MANAGER_PLUGINS","filePath":"/Users/tor/Development/angular-2-samples/node_modules/@angular/platform-browser/typings/platform-browser.d.ts"},{"__symbol":94,"name":"ɵDomEventsPlugin","filePath":"/Users/tor/Development/angular-2-samples/node_modules/@angular/platform-browser/typings/platform-browser.d.ts"},{"__symbol":95,"name":"ɵKeyEventsPlugin","filePath":"/Users/tor/Development/angular-2-samples/node_modules/@angular/platform-browser/typings/platform-browser.d.ts"},{"__symbol":96,"name":"ɵHammerGesturesPlugin","filePath":"/Users/tor/Development/angular-2-samples/node_modules/@angular/platform-browser/typings/platform-browser.d.ts"},{"__symbol":97,"name":"HAMMER_GESTURE_CONFIG","filePath":"/Users/tor/Development/angular-2-samples/node_modules/@angular/platform-browser/typings/platform-browser.d.ts"},{"__symbol":98,"name":"HammerGestureConfig","filePath":"/Users/tor/Development/angular-2-samples/node_modules/@angular/platform-browser/typings/platform-browser.d.ts"},{"__symbol":99,"name":"ɵDomRootRenderer","filePath":"/Users/tor/Development/angular-2-samples/node_modules/@angular/platform-browser/typings/platform-browser.d.ts"},{"__symbol":100,"name":"ɵDomRootRenderer_","filePath":"/Users/tor/Development/angular-2-samples/node_modules/@angular/platform-browser/typings/platform-browser.d.ts"},{"__symbol":101,"name":"EventManager","filePath":"/Users/tor/Development/angular-2-samples/node_modules/@angular/platform-browser/typings/platform-browser.d.ts"},{"__symbol":102,"name":"ɵDomSharedStylesHost","filePath":"/Users/tor/Development/angular-2-samples/node_modules/@angular/platform-browser/typings/platform-browser.d.ts"},{"__symbol":103,"name":"AnimationDriver","filePath":"/Users/tor/Development/angular-2-samples/node_modules/@angular/platform-browser/typings/platform-browser.d.ts"},{"__symbol":104,"name":"ɵDomRendererFactoryV2","filePath":"/Users/tor/Development/angular-2-samples/node_modules/@angular/platform-browser/typings/platform-browser.d.ts"},{"__symbol":105,"name":"RendererFactoryV2","filePath":"/Users/tor/Development/angular-2-samples/node_modules/@angular/core/typings/core.d.ts"},{"__symbol":106,"name":"ɵSharedStylesHost","filePath":"/Users/tor/Development/angular-2-samples/node_modules/@angular/platform-browser/typings/platform-browser.d.ts"},{"__symbol":107,"name":"ɵc","filePath":"/Users/tor/Development/angular-2-samples/node_modules/@angular/platform-browser/typings/platform-browser.d.ts"},{"__symbol":108,"name":"ɵd","filePath":"/Users/tor/Development/angular-2-samples/node_modules/@angular/platform-browser/typings/platform-browser.d.ts"},{"__symbol":109,"name":"NgProbeToken","filePath":"/Users/tor/Development/angular-2-samples/node_modules/@angular/platform-browser/typings/platform-browser.d.ts"},{"__symbol":110,"name":"NgProbeToken","filePath":"/Users/tor/Development/angular-2-samples/node_modules/@angular/core/typings/core.d.ts"},{"__symbol":111,"name":"Meta","filePath":"/Users/tor/Development/angular-2-samples/node_modules/@angular/platform-browser/typings/platform-browser.d.ts"},{"__symbol":112,"name":"Title","filePath":"/Users/tor/Development/angular-2-samples/node_modules/@angular/platform-browser/typings/platform-browser.d.ts"},{"__symbol":113,"name":"FormBuilder","filePath":"/Users/tor/Development/angular-2-samples/node_modules/@angular/forms/typings/forms.d.ts"},{"__symbol":114,"name":"ReactiveFormsModule","filePath":"/Users/tor/Development/angular-2-samples/node_modules/@angular/forms/typings/forms.d.ts"},{"__symbol":115,"name":"ɵi","filePath":"/Users/tor/Development/angular-2-samples/node_modules/@angular/forms/typings/forms.d.ts"},{"__symbol":116,"name":"FormsModule","filePath":"/Users/tor/Development/angular-2-samples/node_modules/@angular/forms/typings/forms.d.ts"},{"__symbol":117,"name":"Http","filePath":"/Users/tor/Development/angular-2-samples/node_modules/@angular/http/typings/http.d.ts"},{"__symbol":118,"name":"ɵc","filePath":"/Users/tor/Development/angular-2-samples/node_modules/@angular/http/typings/http.d.ts"},{"__symbol":119,"name":"XHRBackend","filePath":"/Users/tor/Development/angular-2-samples/node_modules/@angular/http/typings/http.d.ts"},{"__symbol":120,"name":"RequestOptions","filePath":"/Users/tor/Development/angular-2-samples/node_modules/@angular/http/typings/http.d.ts"},{"__symbol":121,"name":"HttpModule","filePath":"/Users/tor/Development/angular-2-samples/node_modules/@angular/http/typings/http.d.ts"},{"__symbol":122,"name":"BrowserXhr","filePath":"/Users/tor/Development/angular-2-samples/node_modules/@angular/http/typings/http.d.ts"},{"__symbol":123,"name":"BaseRequestOptions","filePath":"/Users/tor/Development/angular-2-samples/node_modules/@angular/http/typings/http.d.ts"},{"__symbol":124,"name":"ResponseOptions","filePath":"/Users/tor/Development/angular-2-samples/node_modules/@angular/http/typings/http.d.ts"},{"__symbol":125,"name":"BaseResponseOptions","filePath":"/Users/tor/Development/angular-2-samples/node_modules/@angular/http/typings/http.d.ts"},{"__symbol":126,"name":"XSRFStrategy","filePath":"/Users/tor/Development/angular-2-samples/node_modules/@angular/http/typings/http.d.ts"},{"__symbol":127,"name":"ɵb","filePath":"/Users/tor/Development/angular-2-samples/node_modules/@angular/http/typings/http.d.ts"},{"__symbol":128,"name":"Location","filePath":"/Users/tor/Development/angular-2-samples/node_modules/@angular/common/typings/common.d.ts"},{"__symbol":129,"name":"LocationStrategy","filePath":"/Users/tor/Development/angular-2-samples/node_modules/@angular/common/typings/common.d.ts"},{"__symbol":130,"name":"UrlSerializer","filePath":"/Users/tor/Development/angular-2-samples/node_modules/@angular/router/typings/router.d.ts"},{"__symbol":131,"name":"DefaultUrlSerializer","filePath":"/Users/tor/Development/angular-2-samples/node_modules/@angular/router/typings/router.d.ts"},{"__symbol":132,"name":"Router","filePath":"/Users/tor/Development/angular-2-samples/node_modules/@angular/router/typings/router.d.ts"},{"__symbol":133,"name":"ɵe","filePath":"/Users/tor/Development/angular-2-samples/node_modules/@angular/router/typings/router.d.ts"},{"__symbol":134,"name":"RouterOutletMap","filePath":"/Users/tor/Development/angular-2-samples/node_modules/@angular/router/typings/router.d.ts"},{"__symbol":135,"name":"NgModuleFactoryLoader","filePath":"/Users/tor/Development/angular-2-samples/node_modules/@angular/core/typings/core.d.ts"},{"__symbol":136,"name":"ROUTES","filePath":"/Users/tor/Development/angular-2-samples/node_modules/@angular/router/typings/router.d.ts"},{"__symbol":137,"name":"ROUTER_CONFIGURATION","filePath":"/Users/tor/Development/angular-2-samples/node_modules/@angular/router/typings/router.d.ts"},{"__symbol":138,"name":"UrlHandlingStrategy","filePath":"/Users/tor/Development/angular-2-samples/node_modules/@angular/router/typings/router.d.ts"},{"__symbol":139,"name":"RouteReuseStrategy","filePath":"/Users/tor/Development/angular-2-samples/node_modules/@angular/router/typings/router.d.ts"},{"__symbol":140,"name":"ActivatedRoute","filePath":"/Users/tor/Development/angular-2-samples/node_modules/@angular/router/typings/router.d.ts"},{"__symbol":141,"name":"ɵf","filePath":"/Users/tor/Development/angular-2-samples/node_modules/@angular/router/typings/router.d.ts"},{"__symbol":142,"name":"SystemJsNgModuleLoader","filePath":"/Users/tor/Development/angular-2-samples/node_modules/@angular/core/typings/core.d.ts"},{"__symbol":143,"name":"SystemJsNgModuleLoaderConfig","filePath":"/Users/tor/Development/angular-2-samples/node_modules/@angular/core/typings/core.d.ts"},{"__symbol":144,"name":"RouterPreloader","filePath":"/Users/tor/Development/angular-2-samples/node_modules/@angular/router/typings/router.d.ts"},{"__symbol":145,"name":"PreloadingStrategy","filePath":"/Users/tor/Development/angular-2-samples/node_modules/@angular/router/typings/router.d.ts"},{"__symbol":146,"name":"NoPreloading","filePath":"/Users/tor/Development/angular-2-samples/node_modules/@angular/router/typings/router.d.ts"},{"__symbol":147,"name":"PreloadAllModules","filePath":"/Users/tor/Development/angular-2-samples/node_modules/@angular/router/typings/router.d.ts"},{"__symbol":148,"name":"ɵa","filePath":"/Users/tor/Development/angular-2-samples/node_modules/@angular/router/typings/router.d.ts"},{"__symbol":149,"name":"ɵd","filePath":"/Users/tor/Development/angular-2-samples/node_modules/@angular/router/typings/router.d.ts"},{"__symbol":150,"name":"ɵc","filePath":"/Users/tor/Development/angular-2-samples/node_modules/@angular/router/typings/router.d.ts"},{"__symbol":151,"name":"PlatformLocation","filePath":"/Users/tor/Development/angular-2-samples/node_modules/@angular/common/typings/common.d.ts"},{"__symbol":152,"name":"APP_BASE_HREF","filePath":"/Users/tor/Development/angular-2-samples/node_modules/@angular/common/typings/common.d.ts"},{"__symbol":153,"name":"ɵb","filePath":"/Users/tor/Development/angular-2-samples/node_modules/@angular/router/typings/router.d.ts"},{"__symbol":154,"name":"ROUTER_INITIALIZER","filePath":"/Users/tor/Development/angular-2-samples/node_modules/@angular/router/typings/router.d.ts"},{"__symbol":155,"name":"ɵg","filePath":"/Users/tor/Development/angular-2-samples/node_modules/@angular/router/typings/router.d.ts"},{"__symbol":156,"name":"APP_BOOTSTRAP_LISTENER","filePath":"/Users/tor/Development/angular-2-samples/node_modules/@angular/core/typings/core.d.ts"},{"__symbol":157,"name":"AddressBookTitleService","filePath":"/Users/tor/Development/angular-2-samples/components/dependency-injection/address-book-title-service.d.ts"},{"__symbol":158,"name":"HashLocationStrategy","filePath":"/Users/tor/Development/angular-2-samples/node_modules/@angular/common/typings/common.d.ts"},{"__symbol":159,"name":"ɵba","filePath":"/Users/tor/Development/angular-2-samples/node_modules/@angular/forms/typings/forms.d.ts"},{"__symbol":160,"name":"RouterModule","filePath":"/Users/tor/Development/angular-2-samples/node_modules/@angular/router/typings/router.d.ts"}]}