{"summaries":[{"symbol":{"__symbol":0,"members":[]},"metadata":{"__symbolic":"class"},"type":{"summaryKind":1,"type":{"reference":{"__symbol":0,"members":[]},"diDeps":[{"isAttribute":false,"isHost":false,"isSelf":false,"isSkipSelf":false,"isOptional":false,"token":{"identifier":{"reference":{"__symbol":1,"members":[]}}}}],"lifecycleHooks":[]},"isComponent":true,"selector":"demo-app","inputs":{},"outputs":{},"hostListeners":{},"hostProperties":{},"hostAttributes":{},"providers":[],"viewProviders":[],"queries":[],"viewQueries":[],"entryComponents":[],"changeDetection":1,"template":{"animations":[],"ngContentSelectors":[],"encapsulation":2},"wrapperType":null,"componentViewType":{"__symbol":2,"members":[]},"rendererType":{"__symbol":3,"members":[]},"componentFactory":{"__symbol":4,"members":[]}}}],"symbols":[{"__symbol":0,"name":"AppComponent","filePath":"/Users/tor/Development/angular-2-samples/app.component.d.ts"},{"__symbol":1,"name":"Location","filePath":"/Users/tor/Development/angular-2-samples/node_modules/@angular/common/typings/common.d.ts"},{"__symbol":2,"name":"View_AppComponent_0","filePath":"/Users/tor/Development/angular-2-samples/app.component.ngfactory.d.ts"},{"__symbol":3,"name":"RenderType_AppComponent","filePath":"/Users/tor/Development/angular-2-samples/app.component.ngfactory.d.ts"},{"__symbol":4,"name":"AppComponentNgFactory","filePath":"/Users/tor/Development/angular-2-samples/app.component.ngfactory.d.ts"}]}