{"summaries":[{"symbol":{"__symbol":0,"members":[]},"metadata":{"__symbolic":"call","expression":{"__symbolic":"select","expression":{"__symbol":1,"members":[]},"member":"forRoot"},"arguments":[[{"path":"","redirectTo":"/about","pathMatch":"full"},{"path":"about","component":{"__symbol":2,"members":[]}},{"path":"demo","component":{"__symbol":3,"members":[]},"children":[{"path":"spreadsheet","component":{"__symbol":4,"members":[]}},{"path":"jquery","component":{"__symbol":5,"members":[]}},{"path":"react","component":{"__symbol":6,"members":[]}},{"path":"algorithms","component":{"__symbol":7,"members":[]}},{"path":"graph","component":{"__symbol":8,"members":[]}},{"path":"pub-sub","component":{"__symbol":9,"members":[]}},{"path":"text-editor","component":{"__symbol":10,"members":[]}},{"path":"address","component":{"__symbol":11,"members":[]}},{"path":"http","component":{"__symbol":12,"members":[]}},{"path":"treeview","component":{"__symbol":13,"members":[]}},{"path":"grid","component":{"__symbol":14,"members":[]}},{"path":"input","component":{"__symbol":15,"members":[]}},{"path":"contact","component":{"__symbol":16,"members":[]}},{"path":"textbox","component":{"__symbol":17,"members":[]}},{"path":"non-bindable","component":{"__symbol":18,"members":[]}},{"path":"form","component":{"__symbol":19,"members":[]}},{"path":"change","component":{"__symbol":20,"members":[]}},{"path":"parent-child","component":{"__symbol":21,"members":[]}},{"path":"survey","component":{"__symbol":22,"members":[]}},{"path":"redux","component":{"__symbol":23,"members":[]}},{"path":"iodemo","component":{"__symbol":24,"members":[]}},{"path":"rxjs","component":{"__symbol":25,"members":[]}},{"path":"friends","component":{"__symbol":26,"members":[]}},{"path":"buffering","component":{"__symbol":27,"members":[]}},{"path":"countries","component":{"__symbol":28,"members":[]}}]}]]}}],"symbols":[{"__symbol":0,"name":"routing","filePath":"/Users/tor/Development/angular-2-samples/app.routes.d.ts"},{"__symbol":1,"name":"RouterModule","filePath":"/Users/tor/Development/angular-2-samples/node_modules/@angular/router/typings/router.d.ts"},{"__symbol":2,"name":"About","filePath":"/Users/tor/Development/angular-2-samples/components/about/about.d.ts"},{"__symbol":3,"name":"DemoPage","filePath":"/Users/tor/Development/angular-2-samples/demo-page.d.ts"},{"__symbol":4,"name":"Spreadsheet","filePath":"/Users/tor/Development/angular-2-samples/components/spreadsheet/spreadsheet.d.ts"},{"__symbol":5,"name":"JqueryIntegration","filePath":"/Users/tor/Development/angular-2-samples/components/jquery-integration/jquery-integration.d.ts"},{"__symbol":6,"name":"Angular2Host","filePath":"/Users/tor/Development/angular-2-samples/components/react-integration/angular-2-host.d.ts"},{"__symbol":7,"name":"Algorithms","filePath":"/Users/tor/Development/angular-2-samples/components/algorithms/algorithms.d.ts"},{"__symbol":8,"name":"Graph","filePath":"/Users/tor/Development/angular-2-samples/components/algorithms/graph/graph.d.ts"},{"__symbol":9,"name":"PubSub","filePath":"/Users/tor/Development/angular-2-samples/components/pub-sub/pub-sub.d.ts"},{"__symbol":10,"name":"TextEditor","filePath":"/Users/tor/Development/angular-2-samples/components/text-editor/text-editor.d.ts"},{"__symbol":11,"name":"AddressBook","filePath":"/Users/tor/Development/angular-2-samples/components/dependency-injection/address-book.d.ts"},{"__symbol":12,"name":"HttpSample","filePath":"/Users/tor/Development/angular-2-samples/components/http/http.d.ts"},{"__symbol":13,"name":"TreeViewDemo","filePath":"/Users/tor/Development/angular-2-samples/components/tree-view/tree-view-demo.d.ts"},{"__symbol":14,"name":"GridDemo","filePath":"/Users/tor/Development/angular-2-samples/components/grid/grid-demo.d.ts"},{"__symbol":15,"name":"InputControls","filePath":"/Users/tor/Development/angular-2-samples/components/input-controls/input-controls.d.ts"},{"__symbol":16,"name":"ContactList","filePath":"/Users/tor/Development/angular-2-samples/components/contact-list/contact-list.d.ts"},{"__symbol":17,"name":"BoundTextbox","filePath":"/Users/tor/Development/angular-2-samples/components/bound-textbox/bound-textbox.d.ts"},{"__symbol":18,"name":"IgnoreBindings","filePath":"/Users/tor/Development/angular-2-samples/components/non-bindable/non-bindable.d.ts"},{"__symbol":19,"name":"AddressForm","filePath":"/Users/tor/Development/angular-2-samples/components/address-form/address-form.d.ts"},{"__symbol":20,"name":"CommentDemo","filePath":"/Users/tor/Development/angular-2-samples/components/change-detection/comment-demo.d.ts"},{"__symbol":21,"name":"Parent","filePath":"/Users/tor/Development/angular-2-samples/components/access-child-components/parent.d.ts"},{"__symbol":22,"name":"SurveyDemo","filePath":"/Users/tor/Development/angular-2-samples/components/survey/survey-demo.d.ts"},{"__symbol":23,"name":"LogDemo","filePath":"/Users/tor/Development/angular-2-samples/components/log-tail/log-demo.d.ts"},{"__symbol":24,"name":"InputOutputDemo","filePath":"/Users/tor/Development/angular-2-samples/components/input-output/input-output-demo.d.ts"},{"__symbol":25,"name":"RxJsStreams","filePath":"/Users/tor/Development/angular-2-samples/components/rxjs-streams/rxjs-streams.d.ts"},{"__symbol":26,"name":"CachingDemo","filePath":"/Users/tor/Development/angular-2-samples/components/rxjs-caching/caching-demo.d.ts"},{"__symbol":27,"name":"RxJsBuffering","filePath":"/Users/tor/Development/angular-2-samples/components/rxjs-buffering/rxjs-buffering.d.ts"},{"__symbol":28,"name":"CountryDemo","filePath":"/Users/tor/Development/angular-2-samples/components/lazy-loaded-tree-view/country-demo.d.ts"}]}