[{"__symbolic":"module","version":3,"metadata":{"Survey":{"__symbolic":"class","decorators":[{"__symbolic":"call","expression":{"__symbolic":"reference","module":"@angular/core","name":"Component"},"arguments":[{"selector":"survey","templateUrl":"./survey.html"}]}],"members":{"model":[{"__symbolic":"property","decorators":[{"__symbolic":"call","expression":{"__symbolic":"reference","module":"@angular/core","name":"Input"}}]}],"ngOnInit":[{"__symbolic":"method"}],"onSubmit":[{"__symbolic":"method"}]}}}},{"__symbolic":"module","version":1,"metadata":{"Survey":{"__symbolic":"class","decorators":[{"__symbolic":"call","expression":{"__symbolic":"reference","module":"@angular/core","name":"Component"},"arguments":[{"selector":"survey","templateUrl":"./survey.html"}]}],"members":{"model":[{"__symbolic":"property","decorators":[{"__symbolic":"call","expression":{"__symbolic":"reference","module":"@angular/core","name":"Input"}}]}],"ngOnInit":[{"__symbolic":"method"}],"onSubmit":[{"__symbolic":"method"}]}}}}]