[{"__symbolic":"module","version":3,"metadata":{"SurveyDemo":{"__symbolic":"class","decorators":[{"__symbolic":"call","expression":{"__symbolic":"reference","module":"@angular/core","name":"Component"},"arguments":[{"selector":"survey-demo","template":"<div><h1>Survey using Dynamic Form</h1><survey [model]=\"questionModel\"></survey></div>"}]}],"members":{"__ctor__":[{"__symbolic":"constructor"}]}}}},{"__symbolic":"module","version":1,"metadata":{"SurveyDemo":{"__symbolic":"class","decorators":[{"__symbolic":"call","expression":{"__symbolic":"reference","module":"@angular/core","name":"Component"},"arguments":[{"selector":"survey-demo","template":"<div><h1>Survey using Dynamic Form</h1><survey [model]=\"questionModel\"></survey></div>"}]}],"members":{"__ctor__":[{"__symbolic":"constructor"}]}}}}]