[{"__symbolic":"module","version":3,"metadata":{"CommentSection2":{"__symbolic":"class","extends":{"__symbolic":"reference","module":"./base-comment","name":"BaseComment"},"decorators":[{"__symbolic":"call","expression":{"__symbolic":"reference","module":"@angular/core","name":"Component"},"arguments":[{"templateUrl":"./change-detection.html","selector":"comment-section-2","changeDetection":{"__symbolic":"select","expression":{"__symbolic":"reference","module":"@angular/core","name":"ChangeDetectionStrategy"},"member":"Default"}}]}],"members":{"__ctor__":[{"__symbolic":"constructor"}]}}}},{"__symbolic":"module","version":1,"metadata":{"CommentSection2":{"__symbolic":"class","extends":{"__symbolic":"reference","module":"./base-comment","name":"BaseComment"},"decorators":[{"__symbolic":"call","expression":{"__symbolic":"reference","module":"@angular/core","name":"Component"},"arguments":[{"templateUrl":"./change-detection.html","selector":"comment-section-2","changeDetection":{"__symbolic":"select","expression":{"__symbolic":"reference","module":"@angular/core","name":"ChangeDetectionStrategy"},"member":"Default"}}]}],"members":{"__ctor__":[{"__symbolic":"constructor"}]}}}}]