[{"__symbolic":"module","version":3,"metadata":{"CommentDemo":{"__symbolic":"class","decorators":[{"__symbolic":"call","expression":{"__symbolic":"reference","module":"@angular/core","name":"Component"},"arguments":[{"selector":"comment-demo","templateUrl":"./comment-demo.html"}]}],"members":{"count":[{"__symbolic":"method"}]}}}},{"__symbolic":"module","version":1,"metadata":{"CommentDemo":{"__symbolic":"class","decorators":[{"__symbolic":"call","expression":{"__symbolic":"reference","module":"@angular/core","name":"Component"},"arguments":[{"selector":"comment-demo","templateUrl":"./comment-demo.html"}]}],"members":{"count":[{"__symbolic":"method"}]}}}}]