[{"__symbolic":"module","version":3,"metadata":{"AddressForm":{"__symbolic":"class","decorators":[{"__symbolic":"call","expression":{"__symbolic":"reference","module":"@angular/core","name":"Component"},"arguments":[{"selector":"address-form","templateUrl":"./address-form.html"}]}],"members":{"__ctor__":[{"__symbolic":"constructor"}],"onSubmit":[{"__symbolic":"method"}]}}}},{"__symbolic":"module","version":1,"metadata":{"AddressForm":{"__symbolic":"class","decorators":[{"__symbolic":"call","expression":{"__symbolic":"reference","module":"@angular/core","name":"Component"},"arguments":[{"selector":"address-form","templateUrl":"./address-form.html"}]}],"members":{"__ctor__":[{"__symbolic":"constructor"}],"onSubmit":[{"__symbolic":"method"}]}}}}]