{"summaries":[{"symbol":{"__symbol":0,"members":[]},"metadata":{"__symbolic":"class"},"type":{"summaryKind":1,"type":{"reference":{"__symbol":0,"members":[]},"diDeps":[],"lifecycleHooks":[]},"isComponent":true,"selector":"input-controls","inputs":{},"outputs":{},"hostListeners":{},"hostProperties":{},"hostAttributes":{},"providers":[],"viewProviders":[],"queries":[],"viewQueries":[],"entryComponents":[],"changeDetection":1,"template":{"animations":[],"ngContentSelectors":[],"encapsulation":2},"wrapperType":null,"componentViewType":{"__symbol":1,"members":[]},"rendererType":{"__symbol":2,"members":[]},"componentFactory":{"__symbol":3,"members":[]}}}],"symbols":[{"__symbol":0,"name":"InputControls","filePath":"/Users/tor/Development/angular-2-samples/components/input-controls/input-controls.d.ts"},{"__symbol":1,"name":"View_InputControls_0","filePath":"/Users/tor/Development/angular-2-samples/components/input-controls/input-controls.ngfactory.d.ts"},{"__symbol":2,"name":"RenderType_InputControls","filePath":"/Users/tor/Development/angular-2-samples/components/input-controls/input-controls.ngfactory.d.ts"},{"__symbol":3,"name":"InputControlsNgFactory","filePath":"/Users/tor/Development/angular-2-samples/components/input-controls/input-controls.ngfactory.d.ts"}]}