[{"__symbolic":"module","version":3,"metadata":{"InsertionSort":{"__symbolic":"class","decorators":[{"__symbolic":"call","expression":{"__symbolic":"reference","module":"@angular/core","name":"Component"},"arguments":[{"selector":"insertion-sort","inputs":["list: list"],"templateUrl":"./insertion-sort.html"}]}],"members":{"__ctor__":[{"__symbolic":"constructor"}],"sortList":[{"__symbolic":"method"}]}}}},{"__symbolic":"module","version":1,"metadata":{"InsertionSort":{"__symbolic":"class","decorators":[{"__symbolic":"call","expression":{"__symbolic":"reference","module":"@angular/core","name":"Component"},"arguments":[{"selector":"insertion-sort","inputs":["list: list"],"templateUrl":"./insertion-sort.html"}]}],"members":{"__ctor__":[{"__symbolic":"constructor"}],"sortList":[{"__symbolic":"method"}]}}}}]