[{"__symbolic":"module","version":3,"metadata":{"Child":{"__symbolic":"class","decorators":[{"__symbolic":"call","expression":{"__symbolic":"reference","module":"@angular/core","name":"Component"},"arguments":[{"selector":"child","template":"<div>{{time}}</div>"}]}],"members":{"setTime":[{"__symbolic":"method"}]}}}},{"__symbolic":"module","version":1,"metadata":{"Child":{"__symbolic":"class","decorators":[{"__symbolic":"call","expression":{"__symbolic":"reference","module":"@angular/core","name":"Component"},"arguments":[{"selector":"child","template":"<div>{{time}}</div>"}]}],"members":{"setTime":[{"__symbolic":"method"}]}}}}]