[{"__symbolic":"module","version":3,"metadata":{"Parent":{"__symbolic":"class","decorators":[{"__symbolic":"call","expression":{"__symbolic":"reference","module":"@angular/core","name":"Component"},"arguments":[{"selector":"parent","template":"<div>\n                <button (click)=\"updateViewChildren()\">Update Time via ViewChildren</button>\n                <child></child>\n                <child></child>\n              </div>"}]}],"members":{"viewChildren":[{"__symbolic":"property","decorators":[{"__symbolic":"call","expression":{"__symbolic":"reference","module":"@angular/core","name":"ViewChildren"},"arguments":[{"__symbolic":"reference","module":"./child","name":"Child"}]}]}],"updateViewChildren":[{"__symbolic":"method"}]}}}},{"__symbolic":"module","version":1,"metadata":{"Parent":{"__symbolic":"class","decorators":[{"__symbolic":"call","expression":{"__symbolic":"reference","module":"@angular/core","name":"Component"},"arguments":[{"selector":"parent","template":"<div>\n                <button (click)=\"updateViewChildren()\">Update Time via ViewChildren</button>\n                <child></child>\n                <child></child>\n              </div>"}]}],"members":{"viewChildren":[{"__symbolic":"property","decorators":[{"__symbolic":"call","expression":{"__symbolic":"reference","module":"@angular/core","name":"ViewChildren"},"arguments":[{"__symbolic":"reference","module":"./child","name":"Child"}]}]}],"updateViewChildren":[{"__symbolic":"method"}]}}}}]