{"summaries":[{"symbol":{"__symbol":0,"members":[]},"metadata":{"__symbolic":"class"},"type":{"summaryKind":1,"type":{"reference":{"__symbol":0,"members":[]},"diDeps":[],"lifecycleHooks":[0]},"isComponent":true,"selector":"angular-2-host","inputs":{},"outputs":{},"hostListeners":{},"hostProperties":{},"hostAttributes":{},"providers":[],"viewProviders":[],"queries":[],"viewQueries":[],"entryComponents":[],"changeDetection":1,"template":{"animations":[],"ngContentSelectors":[],"encapsulation":2},"wrapperType":null,"componentViewType":{"__symbol":1,"members":[]},"rendererType":{"__symbol":2,"members":[]},"componentFactory":{"__symbol":3,"members":[]}}}],"symbols":[{"__symbol":0,"name":"Angular2Host","filePath":"/Users/tor/Development/angular-2-samples/components/react-integration/angular-2-host.d.ts"},{"__symbol":1,"name":"View_Angular2Host_0","filePath":"/Users/tor/Development/angular-2-samples/components/react-integration/angular-2-host.ngfactory.d.ts"},{"__symbol":2,"name":"RenderType_Angular2Host","filePath":"/Users/tor/Development/angular-2-samples/components/react-integration/angular-2-host.ngfactory.d.ts"},{"__symbol":3,"name":"Angular2HostNgFactory","filePath":"/Users/tor/Development/angular-2-samples/components/react-integration/angular-2-host.ngfactory.d.ts"}]}