[{"__symbolic":"module","version":3,"metadata":{"Store":{"__symbolic":"class","decorators":[{"__symbolic":"call","expression":{"__symbolic":"reference","module":"@angular/core","name":"Injectable"}}],"members":{"__ctor__":[{"__symbolic":"constructor","parameters":[{"__symbolic":"reference","module":"@angular/http","name":"Http"}]}],"handleAction":[{"__symbolic":"method"}],"getTreeNodes":[{"__symbolic":"method"}],"dispatchAction":[{"__symbolic":"method"}]}}}},{"__symbolic":"module","version":1,"metadata":{"Store":{"__symbolic":"class","decorators":[{"__symbolic":"call","expression":{"__symbolic":"reference","module":"@angular/core","name":"Injectable"}}],"members":{"__ctor__":[{"__symbolic":"constructor","parameters":[{"__symbolic":"reference","module":"@angular/http","name":"Http"}]}],"handleAction":[{"__symbolic":"method"}],"getTreeNodes":[{"__symbolic":"method"}],"dispatchAction":[{"__symbolic":"method"}]}}}}]