{"summaries":[{"symbol":{"__symbol":0,"members":[]},"metadata":{"__symbolic":"class"},"type":{"summaryKind":1,"type":{"reference":{"__symbol":0,"members":[]},"diDeps":[],"lifecycleHooks":[]},"isComponent":true,"selector":"ng-component","inputs":{},"outputs":{},"hostListeners":{},"hostProperties":{},"hostAttributes":{},"providers":[],"viewProviders":[],"queries":[],"viewQueries":[],"entryComponents":[],"changeDetection":1,"template":{"animations":[],"ngContentSelectors":[],"encapsulation":2},"wrapperType":null,"componentViewType":{"__symbol":1,"members":[]},"rendererType":{"__symbol":2,"members":[]},"componentFactory":{"__symbol":3,"members":[]}}}],"symbols":[{"__symbol":0,"name":"GridDemo","filePath":"/Users/tor/Development/angular-2-samples/components/grid/grid-demo.d.ts"},{"__symbol":1,"name":"View_GridDemo_0","filePath":"/Users/tor/Development/angular-2-samples/components/grid/grid-demo.ngfactory.d.ts"},{"__symbol":2,"name":"RenderType_GridDemo","filePath":"/Users/tor/Development/angular-2-samples/components/grid/grid-demo.ngfactory.d.ts"},{"__symbol":3,"name":"GridDemoNgFactory","filePath":"/Users/tor/Development/angular-2-samples/components/grid/grid-demo.ngfactory.d.ts"}]}