{"summaries":[{"symbol":{"__symbol":0,"members":[]},"metadata":{"__symbolic":"class"},"type":{"summaryKind":1,"type":{"reference":{"__symbol":0,"members":[]},"diDeps":[{"isAttribute":false,"isHost":false,"isSelf":false,"isSkipSelf":false,"isOptional":false,"token":{"identifier":{"reference":{"__symbol":1,"members":[]}}}},{"isAttribute":false,"isHost":false,"isSelf":false,"isSkipSelf":false,"isOptional":false,"token":{"identifier":{"reference":{"__symbol":2,"members":[]}}}}],"lifecycleHooks":[]},"isComponent":true,"selector":"address-book","inputs":{},"outputs":{},"hostListeners":{},"hostProperties":{},"hostAttributes":{},"providers":[{"token":{"identifier":{"reference":{"__symbol":1,"members":[]},"diDeps":[{"isAttribute":false,"isHost":false,"isSelf":false,"isSkipSelf":false,"isOptional":false,"token":{"identifier":{"reference":{"__symbol":3,"members":[]}}}}],"lifecycleHooks":[]}},"useClass":{"reference":{"__symbol":1,"members":[]},"diDeps":[{"isAttribute":false,"isHost":false,"isSelf":false,"isSkipSelf":false,"isOptional":false,"token":{"identifier":{"reference":{"__symbol":3,"members":[]}}}}],"lifecycleHooks":[]},"useFactory":null,"useExisting":null,"deps":[{"isAttribute":false,"isHost":false,"isSelf":false,"isSkipSelf":false,"isOptional":false,"token":{"identifier":{"reference":{"__symbol":3,"members":[]}}}}],"multi":false}],"viewProviders":[],"queries":[],"viewQueries":[],"entryComponents":[],"changeDetection":1,"template":{"animations":[],"ngContentSelectors":[],"encapsulation":2},"wrapperType":null,"componentViewType":{"__symbol":4,"members":[]},"rendererType":{"__symbol":5,"members":[]},"componentFactory":{"__symbol":6,"members":[]}}}],"symbols":[{"__symbol":0,"name":"AddressBook","filePath":"/Users/tor/Development/angular-2-samples/components/dependency-injection/address-book.d.ts"},{"__symbol":1,"name":"AddressBookService","filePath":"/Users/tor/Development/angular-2-samples/components/dependency-injection/address-book-service.d.ts"},{"__symbol":2,"name":"AddressBookTitleService","filePath":"/Users/tor/Development/angular-2-samples/components/dependency-injection/address-book-title-service.d.ts"},{"__symbol":3,"name":"Http","filePath":"/Users/tor/Development/angular-2-samples/node_modules/@angular/http/typings/http.d.ts"},{"__symbol":4,"name":"View_AddressBook_0","filePath":"/Users/tor/Development/angular-2-samples/components/dependency-injection/address-book.ngfactory.d.ts"},{"__symbol":5,"name":"RenderType_AddressBook","filePath":"/Users/tor/Development/angular-2-samples/components/dependency-injection/address-book.ngfactory.d.ts"},{"__symbol":6,"name":"AddressBookNgFactory","filePath":"/Users/tor/Development/angular-2-samples/components/dependency-injection/address-book.ngfactory.d.ts"}]}