[{"__symbolic":"module","version":3,"metadata":{"ContactList":{"__symbolic":"class","decorators":[{"__symbolic":"call","expression":{"__symbolic":"reference","module":"@angular/core","name":"Component"},"arguments":[{"selector":"contact-list","templateUrl":"./contact-list.html"}]}],"members":{"addContact":[{"__symbolic":"method"}],"removeContact":[{"__symbolic":"method"}]}}}},{"__symbolic":"module","version":1,"metadata":{"ContactList":{"__symbolic":"class","decorators":[{"__symbolic":"call","expression":{"__symbolic":"reference","module":"@angular/core","name":"Component"},"arguments":[{"selector":"contact-list","templateUrl":"./contact-list.html"}]}],"members":{"addContact":[{"__symbolic":"method"}],"removeContact":[{"__symbolic":"method"}]}}}}]