{"summaries":[{"symbol":{"__symbol":0,"members":[]},"metadata":{"__symbolic":"class"},"type":{"summaryKind":1,"type":{"reference":{"__symbol":0,"members":[]},"diDeps":[{"isAttribute":false,"isHost":false,"isSelf":false,"isSkipSelf":false,"isOptional":false,"token":{"identifier":{"reference":{"__symbol":1,"members":[]}}}}],"lifecycleHooks":[0]},"isComponent":true,"selector":"consumer","inputs":{},"outputs":{},"hostListeners":{},"hostProperties":{},"hostAttributes":{},"providers":[],"viewProviders":[],"queries":[],"viewQueries":[],"entryComponents":[],"changeDetection":1,"template":{"animations":[],"ngContentSelectors":[],"encapsulation":2},"wrapperType":null,"componentViewType":{"__symbol":2,"members":[]},"rendererType":{"__symbol":3,"members":[]},"componentFactory":{"__symbol":4,"members":[]}}}],"symbols":[{"__symbol":0,"name":"Consumer","filePath":"/Users/tor/Development/angular-2-samples/components/pub-sub/consumer.d.ts"},{"__symbol":1,"name":"PubSubService","filePath":"/Users/tor/Development/angular-2-samples/components/pub-sub/pub-sub-service.d.ts"},{"__symbol":2,"name":"View_Consumer_0","filePath":"/Users/tor/Development/angular-2-samples/components/pub-sub/consumer.ngfactory.d.ts"},{"__symbol":3,"name":"RenderType_Consumer","filePath":"/Users/tor/Development/angular-2-samples/components/pub-sub/consumer.ngfactory.d.ts"},{"__symbol":4,"name":"ConsumerNgFactory","filePath":"/Users/tor/Development/angular-2-samples/components/pub-sub/consumer.ngfactory.d.ts"}]}