{"summaries":[{"symbol":{"__symbol":0,"members":[]},"metadata":{"__symbolic":"class"},"type":{"summaryKind":1,"type":{"reference":{"__symbol":0,"members":[]},"diDeps":[],"lifecycleHooks":[]},"isComponent":true,"selector":"pub-sub","inputs":{},"outputs":{},"hostListeners":{},"hostProperties":{},"hostAttributes":{},"providers":[{"token":{"identifier":{"reference":{"__symbol":1,"members":[]},"diDeps":[],"lifecycleHooks":[]}},"useClass":{"reference":{"__symbol":1,"members":[]},"diDeps":[],"lifecycleHooks":[]},"useFactory":null,"useExisting":null,"deps":[],"multi":false}],"viewProviders":[],"queries":[],"viewQueries":[],"entryComponents":[],"changeDetection":1,"template":{"animations":[],"ngContentSelectors":[],"encapsulation":2},"wrapperType":null,"componentViewType":{"__symbol":2,"members":[]},"rendererType":{"__symbol":3,"members":[]},"componentFactory":{"__symbol":4,"members":[]}}}],"symbols":[{"__symbol":0,"name":"PubSub","filePath":"/Users/tor/Development/angular-2-samples/components/pub-sub/pub-sub.d.ts"},{"__symbol":1,"name":"PubSubService","filePath":"/Users/tor/Development/angular-2-samples/components/pub-sub/pub-sub-service.d.ts"},{"__symbol":2,"name":"View_PubSub_0","filePath":"/Users/tor/Development/angular-2-samples/components/pub-sub/pub-sub.ngfactory.d.ts"},{"__symbol":3,"name":"RenderType_PubSub","filePath":"/Users/tor/Development/angular-2-samples/components/pub-sub/pub-sub.ngfactory.d.ts"},{"__symbol":4,"name":"PubSubNgFactory","filePath":"/Users/tor/Development/angular-2-samples/components/pub-sub/pub-sub.ngfactory.d.ts"}]}