{"summaries":[{"symbol":{"__symbol":0,"members":[]},"metadata":{"__symbolic":"class"},"type":{"summaryKind":1,"type":{"reference":{"__symbol":0,"members":[]},"diDeps":[{"isAttribute":false,"isHost":false,"isSelf":false,"isSkipSelf":false,"isOptional":false,"token":{"identifier":{"reference":{"__symbol":1,"members":[]}}}},{"isAttribute":false,"isHost":false,"isSelf":false,"isSkipSelf":false,"isOptional":false,"token":{"identifier":{"reference":{"__symbol":2,"members":[]}}}}],"lifecycleHooks":[0]},"isComponent":true,"selector":"graph","inputs":{},"outputs":{},"hostListeners":{},"hostProperties":{},"hostAttributes":{},"providers":[{"token":{"identifier":{"reference":{"__symbol":2,"members":[]},"diDeps":[],"lifecycleHooks":[]}},"useClass":{"reference":{"__symbol":2,"members":[]},"diDeps":[],"lifecycleHooks":[]},"useFactory":null,"useExisting":null,"deps":[],"multi":false}],"viewProviders":[],"queries":[],"viewQueries":[],"entryComponents":[],"changeDetection":1,"template":{"animations":[],"ngContentSelectors":[],"encapsulation":2},"wrapperType":null,"componentViewType":{"__symbol":3,"members":[]},"rendererType":{"__symbol":4,"members":[]},"componentFactory":{"__symbol":5,"members":[]}}}],"symbols":[{"__symbol":0,"name":"Graph","filePath":"/Users/tor/Development/angular-2-samples/components/algorithms/graph/graph.d.ts"},{"__symbol":1,"name":"ComponentFactoryResolver","filePath":"/Users/tor/Development/angular-2-samples/node_modules/@angular/core/typings/core.d.ts"},{"__symbol":2,"name":"EdgeService","filePath":"/Users/tor/Development/angular-2-samples/components/algorithms/graph/edge-service.d.ts"},{"__symbol":3,"name":"View_Graph_0","filePath":"/Users/tor/Development/angular-2-samples/components/algorithms/graph/graph.ngfactory.d.ts"},{"__symbol":4,"name":"RenderType_Graph","filePath":"/Users/tor/Development/angular-2-samples/components/algorithms/graph/graph.ngfactory.d.ts"},{"__symbol":5,"name":"GraphNgFactory","filePath":"/Users/tor/Development/angular-2-samples/components/algorithms/graph/graph.ngfactory.d.ts"}]}