{"summaries":[{"symbol":{"__symbol":0,"members":[]},"metadata":{"__symbolic":"class"},"type":{"summaryKind":1,"type":{"reference":{"__symbol":0,"members":[]},"diDeps":[{"isAttribute":false,"isHost":false,"isSelf":false,"isSkipSelf":false,"isOptional":false,"token":{"identifier":{"reference":{"__symbol":1,"members":[]}}}},{"isAttribute":false,"isHost":false,"isSelf":false,"isSkipSelf":false,"isOptional":false,"token":{"identifier":{"reference":{"__symbol":2,"members":[]}}}}],"lifecycleHooks":[]},"isComponent":true,"selector":"vertex","inputs":{"value":"value"},"outputs":{},"hostListeners":{},"hostProperties":{},"hostAttributes":{},"providers":[],"viewProviders":[],"queries":[],"viewQueries":[{"selectors":[{"value":"vertex"}],"first":true,"descendants":true,"propertyName":"element","read":null}],"entryComponents":[],"changeDetection":1,"template":{"animations":[],"ngContentSelectors":[],"encapsulation":2},"wrapperType":null,"componentViewType":{"__symbol":3,"members":[]},"rendererType":{"__symbol":4,"members":[]},"componentFactory":{"__symbol":5,"members":[]}}}],"symbols":[{"__symbol":0,"name":"Vertex","filePath":"/Users/tor/Development/angular-2-samples/components/algorithms/graph/vertex.d.ts"},{"__symbol":1,"name":"EdgeService","filePath":"/Users/tor/Development/angular-2-samples/components/algorithms/graph/edge-service.d.ts"},{"__symbol":2,"name":"ViewContainerRef","filePath":"/Users/tor/Development/angular-2-samples/node_modules/@angular/core/typings/core.d.ts"},{"__symbol":3,"name":"View_Vertex_0","filePath":"/Users/tor/Development/angular-2-samples/components/algorithms/graph/vertex.ngfactory.d.ts"},{"__symbol":4,"name":"RenderType_Vertex","filePath":"/Users/tor/Development/angular-2-samples/components/algorithms/graph/vertex.ngfactory.d.ts"},{"__symbol":5,"name":"VertexNgFactory","filePath":"/Users/tor/Development/angular-2-samples/components/algorithms/graph/vertex.ngfactory.d.ts"}]}