{"summaries":[{"symbol":{"__symbol":0,"members":[]},"metadata":{"__symbolic":"class"},"type":{"summaryKind":1,"type":{"reference":{"__symbol":0,"members":[]},"diDeps":[],"lifecycleHooks":[0]},"isComponent":true,"selector":"editor","inputs":{},"outputs":{},"hostListeners":{},"hostProperties":{},"hostAttributes":{},"providers":[],"viewProviders":[],"queries":[],"viewQueries":[],"entryComponents":[],"changeDetection":1,"template":{"animations":[],"ngContentSelectors":[],"encapsulation":2},"wrapperType":null,"componentViewType":{"__symbol":1,"members":[]},"rendererType":{"__symbol":2,"members":[]},"componentFactory":{"__symbol":3,"members":[]}}}],"symbols":[{"__symbol":0,"name":"TextEditor","filePath":"/Users/tor/Development/angular-2-samples/components/text-editor/text-editor.d.ts"},{"__symbol":1,"name":"View_TextEditor_0","filePath":"/Users/tor/Development/angular-2-samples/components/text-editor/text-editor.ngfactory.d.ts"},{"__symbol":2,"name":"RenderType_TextEditor","filePath":"/Users/tor/Development/angular-2-samples/components/text-editor/text-editor.ngfactory.d.ts"},{"__symbol":3,"name":"TextEditorNgFactory","filePath":"/Users/tor/Development/angular-2-samples/components/text-editor/text-editor.ngfactory.d.ts"}]}