[{"__symbolic":"module","version":3,"metadata":{"RxJsBuffering":{"__symbolic":"class","decorators":[{"__symbolic":"call","expression":{"__symbolic":"reference","module":"@angular/core","name":"Component"},"arguments":[{"template":"\n    <h3>Click three numbers to add</h3>\n    <div (click)=\"add(number)\" class=\"box\" *ngFor=\"let number of numbers\">{{number}}</div>\n    <div class=\"sum\" *ngIf=\"showSum\">SUM: {{calculation.sum}}</div>\n  "}]}],"members":{"add":[{"__symbolic":"method"}],"ngOnInit":[{"__symbolic":"method"}]}}}},{"__symbolic":"module","version":1,"metadata":{"RxJsBuffering":{"__symbolic":"class","decorators":[{"__symbolic":"call","expression":{"__symbolic":"reference","module":"@angular/core","name":"Component"},"arguments":[{"template":"\n    <h3>Click three numbers to add</h3>\n    <div (click)=\"add(number)\" class=\"box\" *ngFor=\"let number of numbers\">{{number}}</div>\n    <div class=\"sum\" *ngIf=\"showSum\">SUM: {{calculation.sum}}</div>\n  "}]}],"members":{"add":[{"__symbolic":"method"}],"ngOnInit":[{"__symbolic":"method"}]}}}}]