{"summaries":[{"symbol":{"__symbol":0,"members":[]},"metadata":{"__symbolic":"class"},"type":{"summaryKind":1,"type":{"reference":{"__symbol":0,"members":[]},"diDeps":[],"lifecycleHooks":[]},"isComponent":true,"selector":"address-form","inputs":{},"outputs":{},"hostListeners":{},"hostProperties":{},"hostAttributes":{},"providers":[],"viewProviders":[],"queries":[],"viewQueries":[],"entryComponents":[],"changeDetection":1,"template":{"animations":[],"ngContentSelectors":[],"encapsulation":2},"wrapperType":null,"componentViewType":{"__symbol":1,"members":[]},"rendererType":{"__symbol":2,"members":[]},"componentFactory":{"__symbol":3,"members":[]}}}],"symbols":[{"__symbol":0,"name":"AddressForm","filePath":"/Users/tor/Development/angular-2-samples/components/address-form/address-form.d.ts"},{"__symbol":1,"name":"View_AddressForm_0","filePath":"/Users/tor/Development/angular-2-samples/components/address-form/address-form.ngfactory.d.ts"},{"__symbol":2,"name":"RenderType_AddressForm","filePath":"/Users/tor/Development/angular-2-samples/components/address-form/address-form.ngfactory.d.ts"},{"__symbol":3,"name":"AddressFormNgFactory","filePath":"/Users/tor/Development/angular-2-samples/components/address-form/address-form.ngfactory.d.ts"}]}