[{"__symbolic":"module","version":3,"metadata":{"RxJsStreams":{"__symbolic":"class","decorators":[{"__symbolic":"call","expression":{"__symbolic":"reference","module":"@angular/core","name":"Component"},"arguments":[{"selector":"rxjs-streams","templateUrl":"./rxjs-streams.html"}]}],"members":{"flatMapStreams":[{"__symbolic":"method"}],"concatStreams":[{"__symbolic":"method"}],"mergeStreams":[{"__symbolic":"method"}],"forkJoinStreams":[{"__symbolic":"method"}]}}}},{"__symbolic":"module","version":1,"metadata":{"RxJsStreams":{"__symbolic":"class","decorators":[{"__symbolic":"call","expression":{"__symbolic":"reference","module":"@angular/core","name":"Component"},"arguments":[{"selector":"rxjs-streams","templateUrl":"./rxjs-streams.html"}]}],"members":{"flatMapStreams":[{"__symbolic":"method"}],"concatStreams":[{"__symbolic":"method"}],"mergeStreams":[{"__symbolic":"method"}],"forkJoinStreams":[{"__symbolic":"method"}]}}}}]