[{"__symbolic":"module","version":3,"metadata":{"AddressBook":{"__symbolic":"class","decorators":[{"__symbolic":"call","expression":{"__symbolic":"reference","module":"@angular/core","name":"Component"},"arguments":[{"selector":"address-book","templateUrl":"./address-book.html","providers":[{"__symbolic":"reference","module":"./address-book-service","name":"AddressBookService"}]}]}],"members":{"__ctor__":[{"__symbolic":"constructor","parameters":[{"__symbolic":"reference","module":"./address-book-service","name":"AddressBookService"},{"__symbolic":"reference","module":"./address-book-title-service","name":"AddressBookTitleService"}]}]}}}},{"__symbolic":"module","version":1,"metadata":{"AddressBook":{"__symbolic":"class","decorators":[{"__symbolic":"call","expression":{"__symbolic":"reference","module":"@angular/core","name":"Component"},"arguments":[{"selector":"address-book","templateUrl":"./address-book.html","providers":[{"__symbolic":"reference","module":"./address-book-service","name":"AddressBookService"}]}]}],"members":{"__ctor__":[{"__symbolic":"constructor","parameters":[{"__symbolic":"reference","module":"./address-book-service","name":"AddressBookService"},{"__symbolic":"reference","module":"./address-book-title-service","name":"AddressBookTitleService"}]}]}}}}]