{"summaries":[{"symbol":{"__symbol":0,"members":[]},"metadata":{"__symbolic":"class"},"type":{"summaryKind":1,"type":{"reference":{"__symbol":0,"members":[]},"diDeps":[],"lifecycleHooks":[]},"isComponent":true,"selector":"parent","inputs":{},"outputs":{},"hostListeners":{},"hostProperties":{},"hostAttributes":{},"providers":[],"viewProviders":[],"queries":[],"viewQueries":[{"selectors":[{"identifier":{"reference":{"__symbol":1,"members":[]}}}],"first":false,"descendants":true,"propertyName":"viewChildren","read":null}],"entryComponents":[],"changeDetection":1,"template":{"animations":[],"ngContentSelectors":[],"encapsulation":2},"wrapperType":null,"componentViewType":{"__symbol":2,"members":[]},"rendererType":{"__symbol":3,"members":[]},"componentFactory":{"__symbol":4,"members":[]}}}],"symbols":[{"__symbol":0,"name":"Parent","filePath":"/Users/tor/Development/angular-2-samples/components/access-child-components/parent.d.ts"},{"__symbol":1,"name":"Child","filePath":"/Users/tor/Development/angular-2-samples/components/access-child-components/child.d.ts"},{"__symbol":2,"name":"View_Parent_0","filePath":"/Users/tor/Development/angular-2-samples/components/access-child-components/parent.ngfactory.d.ts"},{"__symbol":3,"name":"RenderType_Parent","filePath":"/Users/tor/Development/angular-2-samples/components/access-child-components/parent.ngfactory.d.ts"},{"__symbol":4,"name":"ParentNgFactory","filePath":"/Users/tor/Development/angular-2-samples/components/access-child-components/parent.ngfactory.d.ts"}]}