[{"__symbolic":"module","version":3,"metadata":{"GridDemo":{"__symbolic":"class","decorators":[{"__symbolic":"call","expression":{"__symbolic":"reference","module":"@angular/core","name":"Component"},"arguments":[{"template":"<grid name=\"person grid\" [rows]=\"people\" [columns]=\"columns\"></grid>"}]}],"members":{"__ctor__":[{"__symbolic":"constructor"}],"getPeople":[{"__symbolic":"method"}],"getColumns":[{"__symbolic":"method"}]}}}},{"__symbolic":"module","version":1,"metadata":{"GridDemo":{"__symbolic":"class","decorators":[{"__symbolic":"call","expression":{"__symbolic":"reference","module":"@angular/core","name":"Component"},"arguments":[{"template":"<grid name=\"person grid\" [rows]=\"people\" [columns]=\"columns\"></grid>"}]}],"members":{"__ctor__":[{"__symbolic":"constructor"}],"getPeople":[{"__symbolic":"method"}],"getColumns":[{"__symbolic":"method"}]}}}}]