[{"__symbolic":"module","version":3,"metadata":{"Algorithms":{"__symbolic":"class","decorators":[{"__symbolic":"call","expression":{"__symbolic":"reference","module":"@angular/core","name":"Component"},"arguments":[{"selector":"algorithms","templateUrl":"./algorithms.html"}]}]}}},{"__symbolic":"module","version":1,"metadata":{"Algorithms":{"__symbolic":"class","decorators":[{"__symbolic":"call","expression":{"__symbolic":"reference","module":"@angular/core","name":"Component"},"arguments":[{"selector":"algorithms","templateUrl":"./algorithms.html"}]}]}}}]