{"summaries":[{"symbol":{"__symbol":0,"members":[]},"metadata":{"__symbolic":"class"},"type":{"summaryKind":1,"type":{"reference":{"__symbol":0,"members":[]},"diDeps":[{"isAttribute":false,"isHost":false,"isSelf":false,"isSkipSelf":false,"isOptional":false,"token":{"identifier":{"reference":{"__symbol":1,"members":[]}}}},{"isAttribute":true,"isHost":false,"isSelf":false,"isSkipSelf":false,"isOptional":false,"token":{"value":"plain"}}],"lifecycleHooks":[0]},"isComponent":true,"selector":"input-output","inputs":{"counter":"counter","fixedValue":"fixedValue","sum":"mySum","headline":"headline","growingString":"growingString"},"outputs":{"stringChanged":"stringChanged"},"hostListeners":{},"hostProperties":{},"hostAttributes":{},"providers":[],"viewProviders":[],"queries":[],"viewQueries":[],"entryComponents":[],"changeDetection":1,"template":{"animations":[],"ngContentSelectors":[],"encapsulation":2},"wrapperType":null,"componentViewType":{"__symbol":2,"members":[]},"rendererType":{"__symbol":3,"members":[]},"componentFactory":{"__symbol":4,"members":[]}}}],"symbols":[{"__symbol":0,"name":"InputOutput","filePath":"/Users/tor/Development/angular-2-samples/components/input-output/input-output.d.ts"},{"__symbol":1,"name":"ElementRef","filePath":"/Users/tor/Development/angular-2-samples/node_modules/@angular/core/typings/core.d.ts"},{"__symbol":2,"name":"View_InputOutput_0","filePath":"/Users/tor/Development/angular-2-samples/components/input-output/input-output.ngfactory.d.ts"},{"__symbol":3,"name":"RenderType_InputOutput","filePath":"/Users/tor/Development/angular-2-samples/components/input-output/input-output.ngfactory.d.ts"},{"__symbol":4,"name":"InputOutputNgFactory","filePath":"/Users/tor/Development/angular-2-samples/components/input-output/input-output.ngfactory.d.ts"}]}