[{"__symbolic":"module","version":3,"metadata":{"InputOutputDemo":{"__symbolic":"class","decorators":[{"__symbolic":"call","expression":{"__symbolic":"reference","module":"@angular/core","name":"Component"},"arguments":[{"template":"<button (click)=\"update()\">Update</button>\n              <input-output plain=\"just a simple attribute\"\n                            fixedValue=\"another hard coded value\"\n                            (stringChanged)=\"myStringChanged($event)\"\n                            [mySum]=\"runningTotal\"\n                            [counter]=\"count\"\n                            [headline]=\"myTitle\"\n                            [growingString]=\"myString\">\n              </input-output>"}]}],"members":{"update":[{"__symbolic":"method"}],"myStringChanged":[{"__symbolic":"method"}]}}}},{"__symbolic":"module","version":1,"metadata":{"InputOutputDemo":{"__symbolic":"class","decorators":[{"__symbolic":"call","expression":{"__symbolic":"reference","module":"@angular/core","name":"Component"},"arguments":[{"template":"<button (click)=\"update()\">Update</button>\n              <input-output plain=\"just a simple attribute\"\n                            fixedValue=\"another hard coded value\"\n                            (stringChanged)=\"myStringChanged($event)\"\n                            [mySum]=\"runningTotal\"\n                            [counter]=\"count\"\n                            [headline]=\"myTitle\"\n                            [growingString]=\"myString\">\n              </input-output>"}]}],"members":{"update":[{"__symbolic":"method"}],"myStringChanged":[{"__symbolic":"method"}]}}}}]