[{"__symbolic":"module","version":3,"metadata":{"InputOutput":{"__symbolic":"class","decorators":[{"__symbolic":"call","expression":{"__symbolic":"reference","module":"@angular/core","name":"Component"},"arguments":[{"template":"<h1>{{headline}}</h1>\n              <div>Counter: {{counter}}</div>\n              <div>Running total of counter values: {{sum}}</div>\n              <div>Growing string: {{growingString}}</div>","selector":"input-output"}]}],"members":{"stringChanged":[{"__symbolic":"property","decorators":[{"__symbolic":"call","expression":{"__symbolic":"reference","module":"@angular/core","name":"Output"}}]}],"counter":[{"__symbolic":"property","decorators":[{"__symbolic":"call","expression":{"__symbolic":"reference","module":"@angular/core","name":"Input"}}]}],"fixedValue":[{"__symbolic":"property","decorators":[{"__symbolic":"call","expression":{"__symbolic":"reference","module":"@angular/core","name":"Input"}}]}],"sum":[{"__symbolic":"property","decorators":[{"__symbolic":"call","expression":{"__symbolic":"reference","module":"@angular/core","name":"Input"},"arguments":["mySum"]}]}],"headline":[{"__symbolic":"property","decorators":[{"__symbolic":"call","expression":{"__symbolic":"reference","module":"@angular/core","name":"Input"}}]}],"growingString":[{"__symbolic":"property","decorators":[{"__symbolic":"call","expression":{"__symbolic":"reference","module":"@angular/core","name":"Input"}}]}],"__ctor__":[{"__symbolic":"constructor","parameterDecorators":[null,[{"__symbolic":"call","expression":{"__symbolic":"reference","module":"@angular/core","name":"Attribute"},"arguments":["plain"]}]],"parameters":[{"__symbolic":"reference","module":"@angular/core","name":"ElementRef"},null]}],"ngOnInit":[{"__symbolic":"method"}]}}}},{"__symbolic":"module","version":1,"metadata":{"InputOutput":{"__symbolic":"class","decorators":[{"__symbolic":"call","expression":{"__symbolic":"reference","module":"@angular/core","name":"Component"},"arguments":[{"template":"<h1>{{headline}}</h1>\n              <div>Counter: {{counter}}</div>\n              <div>Running total of counter values: {{sum}}</div>\n              <div>Growing string: {{growingString}}</div>","selector":"input-output"}]}],"members":{"stringChanged":[{"__symbolic":"property","decorators":[{"__symbolic":"call","expression":{"__symbolic":"reference","module":"@angular/core","name":"Output"}}]}],"counter":[{"__symbolic":"property","decorators":[{"__symbolic":"call","expression":{"__symbolic":"reference","module":"@angular/core","name":"Input"}}]}],"fixedValue":[{"__symbolic":"property","decorators":[{"__symbolic":"call","expression":{"__symbolic":"reference","module":"@angular/core","name":"Input"}}]}],"sum":[{"__symbolic":"property","decorators":[{"__symbolic":"call","expression":{"__symbolic":"reference","module":"@angular/core","name":"Input"},"arguments":["mySum"]}]}],"headline":[{"__symbolic":"property","decorators":[{"__symbolic":"call","expression":{"__symbolic":"reference","module":"@angular/core","name":"Input"}}]}],"growingString":[{"__symbolic":"property","decorators":[{"__symbolic":"call","expression":{"__symbolic":"reference","module":"@angular/core","name":"Input"}}]}],"__ctor__":[{"__symbolic":"constructor","parameterDecorators":[null,[{"__symbolic":"call","expression":{"__symbolic":"reference","module":"@angular/core","name":"Attribute"},"arguments":["plain"]}]],"parameters":[{"__symbolic":"reference","module":"@angular/core","name":"ElementRef"},null]}],"ngOnInit":[{"__symbolic":"method"}]}}}}]