{"summaries":[{"symbol":{"__symbol":0,"members":[]},"metadata":{"__symbolic":"class"},"type":{"summaryKind":1,"type":{"reference":{"__symbol":0,"members":[]},"diDeps":[{"isAttribute":false,"isHost":false,"isSelf":false,"isSkipSelf":false,"isOptional":false,"token":{"identifier":{"reference":{"__symbol":1,"members":[]}}}}],"lifecycleHooks":[]},"isComponent":true,"selector":"ng-component","inputs":{},"outputs":{},"hostListeners":{},"hostProperties":{},"hostAttributes":{},"providers":[{"token":{"identifier":{"reference":{"__symbol":1,"members":[]},"diDeps":[{"isAttribute":false,"isHost":false,"isSelf":false,"isSkipSelf":false,"isOptional":false,"token":{"identifier":{"reference":{"__symbol":2,"members":[]}}}}],"lifecycleHooks":[]}},"useClass":{"reference":{"__symbol":1,"members":[]},"diDeps":[{"isAttribute":false,"isHost":false,"isSelf":false,"isSkipSelf":false,"isOptional":false,"token":{"identifier":{"reference":{"__symbol":2,"members":[]}}}}],"lifecycleHooks":[]},"useFactory":null,"useExisting":null,"deps":[{"isAttribute":false,"isHost":false,"isSelf":false,"isSkipSelf":false,"isOptional":false,"token":{"identifier":{"reference":{"__symbol":2,"members":[]}}}}],"multi":false}],"viewProviders":[],"queries":[],"viewQueries":[],"entryComponents":[],"changeDetection":1,"template":{"animations":[],"ngContentSelectors":[],"encapsulation":2},"wrapperType":null,"componentViewType":{"__symbol":3,"members":[]},"rendererType":{"__symbol":4,"members":[]},"componentFactory":{"__symbol":5,"members":[]}}}],"symbols":[{"__symbol":0,"name":"CachingDemo","filePath":"/Users/tor/Development/angular-2-samples/components/rxjs-caching/caching-demo.d.ts"},{"__symbol":1,"name":"FriendsService","filePath":"/Users/tor/Development/angular-2-samples/components/rxjs-caching/friends-service.d.ts"},{"__symbol":2,"name":"Http","filePath":"/Users/tor/Development/angular-2-samples/node_modules/@angular/http/typings/http.d.ts"},{"__symbol":3,"name":"View_CachingDemo_0","filePath":"/Users/tor/Development/angular-2-samples/components/rxjs-caching/caching-demo.ngfactory.d.ts"},{"__symbol":4,"name":"RenderType_CachingDemo","filePath":"/Users/tor/Development/angular-2-samples/components/rxjs-caching/caching-demo.ngfactory.d.ts"},{"__symbol":5,"name":"CachingDemoNgFactory","filePath":"/Users/tor/Development/angular-2-samples/components/rxjs-caching/caching-demo.ngfactory.d.ts"}]}