{"summaries":[{"symbol":{"__symbol":0,"members":[]},"metadata":{"__symbolic":"class"},"type":{"summaryKind":1,"type":{"reference":{"__symbol":0,"members":[]},"diDeps":[{"isAttribute":false,"isHost":false,"isSelf":false,"isSkipSelf":false,"isOptional":false,"token":{"identifier":{"reference":{"__symbol":1,"members":[]}}}}],"lifecycleHooks":[0,1]},"isComponent":true,"selector":"friends-list","inputs":{},"outputs":{},"hostListeners":{},"hostProperties":{},"hostAttributes":{},"providers":[],"viewProviders":[],"queries":[],"viewQueries":[],"entryComponents":[],"changeDetection":1,"template":{"animations":[],"ngContentSelectors":[],"encapsulation":2},"wrapperType":null,"componentViewType":{"__symbol":2,"members":[]},"rendererType":{"__symbol":3,"members":[]},"componentFactory":{"__symbol":4,"members":[]}}}],"symbols":[{"__symbol":0,"name":"FriendsList","filePath":"/Users/tor/Development/angular-2-samples/components/rxjs-caching/friends-list.d.ts"},{"__symbol":1,"name":"FriendsService","filePath":"/Users/tor/Development/angular-2-samples/components/rxjs-caching/friends-service.d.ts"},{"__symbol":2,"name":"View_FriendsList_0","filePath":"/Users/tor/Development/angular-2-samples/components/rxjs-caching/friends-list.ngfactory.d.ts"},{"__symbol":3,"name":"RenderType_FriendsList","filePath":"/Users/tor/Development/angular-2-samples/components/rxjs-caching/friends-list.ngfactory.d.ts"},{"__symbol":4,"name":"FriendsListNgFactory","filePath":"/Users/tor/Development/angular-2-samples/components/rxjs-caching/friends-list.ngfactory.d.ts"}]}