[{"__symbolic":"module","version":3,"metadata":{"Consumer":{"__symbolic":"class","decorators":[{"__symbolic":"call","expression":{"__symbolic":"reference","module":"@angular/core","name":"Component"},"arguments":[{"selector":"consumer","templateUrl":"./consumer.html"}]}],"members":{"__ctor__":[{"__symbolic":"constructor","parameters":[{"__symbolic":"reference","module":"./pub-sub-service","name":"PubSubService"}]}],"ngOnInit":[{"__symbolic":"method"}],"processCustomer":[{"__symbolic":"method"}],"stopProcessing":[{"__symbolic":"method"}]}}}},{"__symbolic":"module","version":1,"metadata":{"Consumer":{"__symbolic":"class","decorators":[{"__symbolic":"call","expression":{"__symbolic":"reference","module":"@angular/core","name":"Component"},"arguments":[{"selector":"consumer","templateUrl":"./consumer.html"}]}],"members":{"__ctor__":[{"__symbolic":"constructor","parameters":[{"__symbolic":"reference","module":"./pub-sub-service","name":"PubSubService"}]}],"ngOnInit":[{"__symbolic":"method"}],"processCustomer":[{"__symbolic":"method"}],"stopProcessing":[{"__symbolic":"method"}]}}}}]