[{"__symbolic":"module","version":3,"metadata":{"CustomerEventEmitter":{"__symbolic":"class","extends":{"__symbolic":"reference","module":"rxjs/Subject","name":"Subject"},"members":{"__ctor__":[{"__symbolic":"constructor"}],"emit":[{"__symbolic":"method"}]}}}},{"__symbolic":"module","version":1,"metadata":{"CustomerEventEmitter":{"__symbolic":"class","extends":{"__symbolic":"reference","module":"rxjs/Subject","name":"Subject"},"members":{"__ctor__":[{"__symbolic":"constructor"}],"emit":[{"__symbolic":"method"}]}}}}]