[{"__symbolic":"module","version":3,"metadata":{"PubSub":{"__symbolic":"class","decorators":[{"__symbolic":"call","expression":{"__symbolic":"reference","module":"@angular/core","name":"Component"},"arguments":[{"selector":"pub-sub","templateUrl":"./pub-sub.html","providers":[{"__symbolic":"reference","module":"./pub-sub-service","name":"PubSubService"}]}]}]}}},{"__symbolic":"module","version":1,"metadata":{"PubSub":{"__symbolic":"class","decorators":[{"__symbolic":"call","expression":{"__symbolic":"reference","module":"@angular/core","name":"Component"},"arguments":[{"selector":"pub-sub","templateUrl":"./pub-sub.html","providers":[{"__symbolic":"reference","module":"./pub-sub-service","name":"PubSubService"}]}]}]}}}]