[{"__symbolic":"module","version":3,"metadata":{"CountryDemo":{"__symbolic":"class","decorators":[{"__symbolic":"call","expression":{"__symbolic":"reference","module":"@angular/core","name":"Component"},"arguments":[{"selector":"country-demo","template":"<h1>Lazy loaded TreeView using Redux and RxJs</h1>\n            <lazy-tree-view [root]=\"node\"></lazy-tree-view>","providers":[{"__symbolic":"reference","module":"./redux/store","name":"Store"},{"__symbolic":"reference","module":"./tree-node-service","name":"TreeNodeService"}]}]}],"members":{"ngOnInit":[{"__symbolic":"method"}]}}}},{"__symbolic":"module","version":1,"metadata":{"CountryDemo":{"__symbolic":"class","decorators":[{"__symbolic":"call","expression":{"__symbolic":"reference","module":"@angular/core","name":"Component"},"arguments":[{"selector":"country-demo","template":"<h1>Lazy loaded TreeView using Redux and RxJs</h1>\n            <lazy-tree-view [root]=\"node\"></lazy-tree-view>","providers":[{"__symbolic":"reference","module":"./redux/store","name":"Store"},{"__symbolic":"reference","module":"./tree-node-service","name":"TreeNodeService"}]}]}],"members":{"ngOnInit":[{"__symbolic":"method"}]}}}}]