[{"__symbolic":"module","version":3,"metadata":{"TreeNodeService":{"__symbolic":"class","decorators":[{"__symbolic":"call","expression":{"__symbolic":"reference","module":"@angular/core","name":"Injectable"}}],"members":{"__ctor__":[{"__symbolic":"constructor","parameters":[{"__symbolic":"reference","module":"./redux/store","name":"Store"}]}],"loadTreeNodes":[{"__symbolic":"method"}]}}}},{"__symbolic":"module","version":1,"metadata":{"TreeNodeService":{"__symbolic":"class","decorators":[{"__symbolic":"call","expression":{"__symbolic":"reference","module":"@angular/core","name":"Injectable"}}],"members":{"__ctor__":[{"__symbolic":"constructor","parameters":[{"__symbolic":"reference","module":"./redux/store","name":"Store"}]}],"loadTreeNodes":[{"__symbolic":"method"}]}}}}]