[{"__symbolic":"module","version":3,"metadata":{"routing":{"__symbolic":"call","expression":{"__symbolic":"select","expression":{"__symbolic":"reference","module":"@angular/router","name":"RouterModule"},"member":"forRoot"},"arguments":[[{"path":"","redirectTo":"/about","pathMatch":"full"},{"path":"about","component":{"__symbolic":"reference","module":"./components/about/about","name":"About"}},{"path":"demo","component":{"__symbolic":"reference","module":"./demo-page","name":"DemoPage"},"children":[{"path":"spreadsheet","component":{"__symbolic":"reference","module":"./components/spreadsheet/spreadsheet","name":"Spreadsheet"}},{"path":"jquery","component":{"__symbolic":"reference","module":"./components/jquery-integration/jquery-integration","name":"JqueryIntegration"}},{"path":"react","component":{"__symbolic":"reference","module":"./components/react-integration/angular-2-host","name":"Angular2Host"}},{"path":"algorithms","component":{"__symbolic":"reference","module":"./components/algorithms/algorithms","name":"Algorithms"}},{"path":"graph","component":{"__symbolic":"reference","module":"./components/algorithms/graph/graph","name":"Graph"}},{"path":"pub-sub","component":{"__symbolic":"reference","module":"./components/pub-sub/pub-sub","name":"PubSub"}},{"path":"text-editor","component":{"__symbolic":"reference","module":"./components/text-editor/text-editor","name":"TextEditor"}},{"path":"address","component":{"__symbolic":"reference","module":"./components/dependency-injection/address-book","name":"AddressBook"}},{"path":"http","component":{"__symbolic":"reference","module":"./components/http/http","name":"HttpSample"}},{"path":"treeview","component":{"__symbolic":"reference","module":"./components/tree-view/tree-view-demo","name":"TreeViewDemo"}},{"path":"grid","component":{"__symbolic":"reference","module":"./components/grid/grid-demo","name":"GridDemo"}},{"path":"input","component":{"__symbolic":"reference","module":"./components/input-controls/input-controls","name":"InputControls"}},{"path":"contact","component":{"__symbolic":"reference","module":"./components/contact-list/contact-list","name":"ContactList"}},{"path":"textbox","component":{"__symbolic":"reference","module":"./components/bound-textbox/bound-textbox","name":"BoundTextbox"}},{"path":"non-bindable","component":{"__symbolic":"reference","module":"./components/non-bindable/non-bindable","name":"IgnoreBindings"}},{"path":"form","component":{"__symbolic":"reference","module":"./components/address-form/address-form","name":"AddressForm"}},{"path":"change","component":{"__symbolic":"reference","module":"./components/change-detection/comment-demo","name":"CommentDemo"}},{"path":"parent-child","component":{"__symbolic":"reference","module":"./components/access-child-components/parent","name":"Parent"}},{"path":"survey","component":{"__symbolic":"reference","module":"./components/survey/survey-demo","name":"SurveyDemo"}},{"path":"redux","component":{"__symbolic":"reference","module":"./components/log-tail/log-demo","name":"LogDemo"}},{"path":"iodemo","component":{"__symbolic":"reference","module":"./components/input-output/input-output-demo","name":"InputOutputDemo"}},{"path":"rxjs","component":{"__symbolic":"reference","module":"./components/rxjs-streams/rxjs-streams","name":"RxJsStreams"}},{"path":"friends","component":{"__symbolic":"reference","module":"./components/rxjs-caching/caching-demo","name":"CachingDemo"}},{"path":"buffering","component":{"__symbolic":"reference","module":"./components/rxjs-buffering/rxjs-buffering","name":"RxJsBuffering"}},{"path":"countries","component":{"__symbolic":"reference","module":"./components/lazy-loaded-tree-view/country-demo","name":"CountryDemo"}}]}]]}}},{"__symbolic":"module","version":1,"metadata":{"routing":{"__symbolic":"call","expression":{"__symbolic":"select","expression":{"__symbolic":"reference","module":"@angular/router","name":"RouterModule"},"member":"forRoot"},"arguments":[[{"path":"","redirectTo":"/about","pathMatch":"full"},{"path":"about","component":{"__symbolic":"reference","module":"./components/about/about","name":"About"}},{"path":"demo","component":{"__symbolic":"reference","module":"./demo-page","name":"DemoPage"},"children":[{"path":"spreadsheet","component":{"__symbolic":"reference","module":"./components/spreadsheet/spreadsheet","name":"Spreadsheet"}},{"path":"jquery","component":{"__symbolic":"reference","module":"./components/jquery-integration/jquery-integration","name":"JqueryIntegration"}},{"path":"react","component":{"__symbolic":"reference","module":"./components/react-integration/angular-2-host","name":"Angular2Host"}},{"path":"algorithms","component":{"__symbolic":"reference","module":"./components/algorithms/algorithms","name":"Algorithms"}},{"path":"graph","component":{"__symbolic":"reference","module":"./components/algorithms/graph/graph","name":"Graph"}},{"path":"pub-sub","component":{"__symbolic":"reference","module":"./components/pub-sub/pub-sub","name":"PubSub"}},{"path":"text-editor","component":{"__symbolic":"reference","module":"./components/text-editor/text-editor","name":"TextEditor"}},{"path":"address","component":{"__symbolic":"reference","module":"./components/dependency-injection/address-book","name":"AddressBook"}},{"path":"http","component":{"__symbolic":"reference","module":"./components/http/http","name":"HttpSample"}},{"path":"treeview","component":{"__symbolic":"reference","module":"./components/tree-view/tree-view-demo","name":"TreeViewDemo"}},{"path":"grid","component":{"__symbolic":"reference","module":"./components/grid/grid-demo","name":"GridDemo"}},{"path":"input","component":{"__symbolic":"reference","module":"./components/input-controls/input-controls","name":"InputControls"}},{"path":"contact","component":{"__symbolic":"reference","module":"./components/contact-list/contact-list","name":"ContactList"}},{"path":"textbox","component":{"__symbolic":"reference","module":"./components/bound-textbox/bound-textbox","name":"BoundTextbox"}},{"path":"non-bindable","component":{"__symbolic":"reference","module":"./components/non-bindable/non-bindable","name":"IgnoreBindings"}},{"path":"form","component":{"__symbolic":"reference","module":"./components/address-form/address-form","name":"AddressForm"}},{"path":"change","component":{"__symbolic":"reference","module":"./components/change-detection/comment-demo","name":"CommentDemo"}},{"path":"parent-child","component":{"__symbolic":"reference","module":"./components/access-child-components/parent","name":"Parent"}},{"path":"survey","component":{"__symbolic":"reference","module":"./components/survey/survey-demo","name":"SurveyDemo"}},{"path":"redux","component":{"__symbolic":"reference","module":"./components/log-tail/log-demo","name":"LogDemo"}},{"path":"iodemo","component":{"__symbolic":"reference","module":"./components/input-output/input-output-demo","name":"InputOutputDemo"}},{"path":"rxjs","component":{"__symbolic":"reference","module":"./components/rxjs-streams/rxjs-streams","name":"RxJsStreams"}},{"path":"friends","component":{"__symbolic":"reference","module":"./components/rxjs-caching/caching-demo","name":"CachingDemo"}},{"path":"buffering","component":{"__symbolic":"reference","module":"./components/rxjs-buffering/rxjs-buffering","name":"RxJsBuffering"}},{"path":"countries","component":{"__symbolic":"reference","module":"./components/lazy-loaded-tree-view/country-demo","name":"CountryDemo"}}]}]]}}}]