[{"__symbolic":"module","version":3,"metadata":{"AppModule":{"__symbolic":"class","decorators":[{"__symbolic":"call","expression":{"__symbolic":"reference","module":"@angular/core","name":"NgModule"},"arguments":[{"imports":[{"__symbolic":"reference","module":"@angular/platform-browser","name":"BrowserModule"},{"__symbolic":"reference","module":"@angular/forms","name":"ReactiveFormsModule"},{"__symbolic":"reference","module":"./app.routes","name":"routing"},{"__symbolic":"reference","module":"@angular/forms","name":"FormsModule"},{"__symbolic":"reference","module":"@angular/http","name":"HttpModule"}],"declarations":[{"__symbolic":"reference","module":"./app.component","name":"AppComponent"},{"__symbolic":"reference","module":"./components/rxjs-caching/friends-list","name":"FriendsList"},{"__symbolic":"reference","module":"./components/pub-sub/producer","name":"Producer"},{"__symbolic":"reference","module":"./components/pub-sub/consumer","name":"Consumer"},{"__symbolic":"reference","module":"./components/tree-view/tree-view","name":"TreeView"},{"__symbolic":"reference","module":"./components/lazy-loaded-tree-view/tree-view","name":"LazyTreeView"},{"__symbolic":"reference","module":"./components/survey/survey","name":"Survey"},{"__symbolic":"reference","module":"./components/about/about","name":"About"},{"__symbolic":"reference","module":"./demo-page","name":"DemoPage"},{"__symbolic":"reference","module":"./components/input-output/input-output","name":"InputOutput"},{"__symbolic":"reference","module":"./components/spreadsheet/spreadsheet","name":"Spreadsheet"},{"__symbolic":"reference","module":"./components/jquery-integration/jquery-integration","name":"JqueryIntegration"},{"__symbolic":"reference","module":"./components/react-integration/angular-2-host","name":"Angular2Host"},{"__symbolic":"reference","module":"./components/algorithms/algorithms","name":"Algorithms"},{"__symbolic":"reference","module":"./components/algorithms/graph/graph","name":"Graph"},{"__symbolic":"reference","module":"./components/pub-sub/pub-sub","name":"PubSub"},{"__symbolic":"reference","module":"./components/grid/grid","name":"Grid"},{"__symbolic":"reference","module":"./components/change-detection/comment-section-1","name":"CommentSection1"},{"__symbolic":"reference","module":"./components/change-detection/comment-section-2","name":"CommentSection2"},{"__symbolic":"reference","module":"./components/algorithms/graph/edge","name":"Edge"},{"__symbolic":"reference","module":"./components/algorithms/graph/vertex","name":"Vertex"},{"__symbolic":"reference","module":"./components/insertion-sort/insertion-sort","name":"InsertionSort"},{"__symbolic":"reference","module":"./components/access-child-components/child","name":"Child"},{"__symbolic":"reference","module":"./components/text-editor/text-editor","name":"TextEditor"},{"__symbolic":"reference","module":"./components/dependency-injection/address-book","name":"AddressBook"},{"__symbolic":"reference","module":"./components/http/http","name":"HttpSample"},{"__symbolic":"reference","module":"./components/tree-view/tree-view-demo","name":"TreeViewDemo"},{"__symbolic":"reference","module":"./components/grid/grid-demo","name":"GridDemo"},{"__symbolic":"reference","module":"./components/input-controls/input-controls","name":"InputControls"},{"__symbolic":"reference","module":"./components/contact-list/contact-list","name":"ContactList"},{"__symbolic":"reference","module":"./components/bound-textbox/bound-textbox","name":"BoundTextbox"},{"__symbolic":"reference","module":"./components/non-bindable/non-bindable","name":"IgnoreBindings"},{"__symbolic":"reference","module":"./components/address-form/address-form","name":"AddressForm"},{"__symbolic":"reference","module":"./components/change-detection/comment-demo","name":"CommentDemo"},{"__symbolic":"reference","module":"./components/access-child-components/parent","name":"Parent"},{"__symbolic":"reference","module":"./components/survey/survey-demo","name":"SurveyDemo"},{"__symbolic":"reference","module":"./components/log-tail/log-demo","name":"LogDemo"},{"__symbolic":"reference","module":"./components/input-output/input-output-demo","name":"InputOutputDemo"},{"__symbolic":"reference","module":"./components/rxjs-streams/rxjs-streams","name":"RxJsStreams"},{"__symbolic":"reference","module":"./components/rxjs-caching/caching-demo","name":"CachingDemo"},{"__symbolic":"reference","module":"./components/rxjs-buffering/rxjs-buffering","name":"RxJsBuffering"},{"__symbolic":"reference","module":"./components/lazy-loaded-tree-view/country-demo","name":"CountryDemo"}],"entryComponents":[{"__symbolic":"reference","module":"./components/algorithms/graph/edge","name":"Edge"}],"providers":[{"__symbolic":"reference","module":"./components/dependency-injection/address-book-title-service","name":"AddressBookTitleService"},{"provide":{"__symbolic":"reference","module":"@angular/common","name":"LocationStrategy"},"useClass":{"__symbolic":"reference","module":"@angular/common","name":"HashLocationStrategy"}}],"bootstrap":[{"__symbolic":"reference","module":"./app.component","name":"AppComponent"}]}]}]}}},{"__symbolic":"module","version":1,"metadata":{"AppModule":{"__symbolic":"class","decorators":[{"__symbolic":"call","expression":{"__symbolic":"reference","module":"@angular/core","name":"NgModule"},"arguments":[{"imports":[{"__symbolic":"reference","module":"@angular/platform-browser","name":"BrowserModule"},{"__symbolic":"reference","module":"@angular/forms","name":"ReactiveFormsModule"},{"__symbolic":"reference","module":"./app.routes","name":"routing"},{"__symbolic":"reference","module":"@angular/forms","name":"FormsModule"},{"__symbolic":"reference","module":"@angular/http","name":"HttpModule"}],"declarations":[{"__symbolic":"reference","module":"./app.component","name":"AppComponent"},{"__symbolic":"reference","module":"./components/rxjs-caching/friends-list","name":"FriendsList"},{"__symbolic":"reference","module":"./components/pub-sub/producer","name":"Producer"},{"__symbolic":"reference","module":"./components/pub-sub/consumer","name":"Consumer"},{"__symbolic":"reference","module":"./components/tree-view/tree-view","name":"TreeView"},{"__symbolic":"reference","module":"./components/lazy-loaded-tree-view/tree-view","name":"LazyTreeView"},{"__symbolic":"reference","module":"./components/survey/survey","name":"Survey"},{"__symbolic":"reference","module":"./components/about/about","name":"About"},{"__symbolic":"reference","module":"./demo-page","name":"DemoPage"},{"__symbolic":"reference","module":"./components/input-output/input-output","name":"InputOutput"},{"__symbolic":"reference","module":"./components/spreadsheet/spreadsheet","name":"Spreadsheet"},{"__symbolic":"reference","module":"./components/jquery-integration/jquery-integration","name":"JqueryIntegration"},{"__symbolic":"reference","module":"./components/react-integration/angular-2-host","name":"Angular2Host"},{"__symbolic":"reference","module":"./components/algorithms/algorithms","name":"Algorithms"},{"__symbolic":"reference","module":"./components/algorithms/graph/graph","name":"Graph"},{"__symbolic":"reference","module":"./components/pub-sub/pub-sub","name":"PubSub"},{"__symbolic":"reference","module":"./components/grid/grid","name":"Grid"},{"__symbolic":"reference","module":"./components/change-detection/comment-section-1","name":"CommentSection1"},{"__symbolic":"reference","module":"./components/change-detection/comment-section-2","name":"CommentSection2"},{"__symbolic":"reference","module":"./components/algorithms/graph/edge","name":"Edge"},{"__symbolic":"reference","module":"./components/algorithms/graph/vertex","name":"Vertex"},{"__symbolic":"reference","module":"./components/insertion-sort/insertion-sort","name":"InsertionSort"},{"__symbolic":"reference","module":"./components/access-child-components/child","name":"Child"},{"__symbolic":"reference","module":"./components/text-editor/text-editor","name":"TextEditor"},{"__symbolic":"reference","module":"./components/dependency-injection/address-book","name":"AddressBook"},{"__symbolic":"reference","module":"./components/http/http","name":"HttpSample"},{"__symbolic":"reference","module":"./components/tree-view/tree-view-demo","name":"TreeViewDemo"},{"__symbolic":"reference","module":"./components/grid/grid-demo","name":"GridDemo"},{"__symbolic":"reference","module":"./components/input-controls/input-controls","name":"InputControls"},{"__symbolic":"reference","module":"./components/contact-list/contact-list","name":"ContactList"},{"__symbolic":"reference","module":"./components/bound-textbox/bound-textbox","name":"BoundTextbox"},{"__symbolic":"reference","module":"./components/non-bindable/non-bindable","name":"IgnoreBindings"},{"__symbolic":"reference","module":"./components/address-form/address-form","name":"AddressForm"},{"__symbolic":"reference","module":"./components/change-detection/comment-demo","name":"CommentDemo"},{"__symbolic":"reference","module":"./components/access-child-components/parent","name":"Parent"},{"__symbolic":"reference","module":"./components/survey/survey-demo","name":"SurveyDemo"},{"__symbolic":"reference","module":"./components/log-tail/log-demo","name":"LogDemo"},{"__symbolic":"reference","module":"./components/input-output/input-output-demo","name":"InputOutputDemo"},{"__symbolic":"reference","module":"./components/rxjs-streams/rxjs-streams","name":"RxJsStreams"},{"__symbolic":"reference","module":"./components/rxjs-caching/caching-demo","name":"CachingDemo"},{"__symbolic":"reference","module":"./components/rxjs-buffering/rxjs-buffering","name":"RxJsBuffering"},{"__symbolic":"reference","module":"./components/lazy-loaded-tree-view/country-demo","name":"CountryDemo"}],"entryComponents":[{"__symbolic":"reference","module":"./components/algorithms/graph/edge","name":"Edge"}],"providers":[{"__symbolic":"reference","module":"./components/dependency-injection/address-book-title-service","name":"AddressBookTitleService"},{"provide":{"__symbolic":"reference","module":"@angular/common","name":"LocationStrategy"},"useClass":{"__symbolic":"reference","module":"@angular/common","name":"HashLocationStrategy"}}],"bootstrap":[{"__symbolic":"reference","module":"./app.component","name":"AppComponent"}]}]}]}}}]