[{"__symbolic":"module","version":3,"metadata":{"DemoPage":{"__symbolic":"class","decorators":[{"__symbolic":"call","expression":{"__symbolic":"reference","module":"@angular/core","name":"Component"},"arguments":[{"selector":"demo-page","templateUrl":"./demo-page.html"}]}],"members":{"__ctor__":[{"__symbolic":"constructor","parameters":[{"__symbolic":"reference","module":"@angular/common","name":"Location"}]}],"getLinkStyle":[{"__symbolic":"method"}]}}}},{"__symbolic":"module","version":1,"metadata":{"DemoPage":{"__symbolic":"class","decorators":[{"__symbolic":"call","expression":{"__symbolic":"reference","module":"@angular/core","name":"Component"},"arguments":[{"selector":"demo-page","templateUrl":"./demo-page.html"}]}],"members":{"__ctor__":[{"__symbolic":"constructor","parameters":[{"__symbolic":"reference","module":"@angular/common","name":"Location"}]}],"getLinkStyle":[{"__symbolic":"method"}]}}}}]