[{"__symbolic":"module","version":3,"metadata":{"CachingDemo":{"__symbolic":"class","decorators":[{"__symbolic":"call","expression":{"__symbolic":"reference","module":"@angular/core","name":"Component"},"arguments":[{"providers":[{"__symbolic":"reference","module":"./friends-service","name":"FriendsService"}],"templateUrl":"./caching-demo.html"}]}],"members":{"__ctor__":[{"__symbolic":"constructor","parameters":[{"__symbolic":"reference","module":"./friends-service","name":"FriendsService"}]}],"remove":[{"__symbolic":"method"}],"reset":[{"__symbolic":"method"}],"clearCache":[{"__symbolic":"method"}]}}}},{"__symbolic":"module","version":1,"metadata":{"CachingDemo":{"__symbolic":"class","decorators":[{"__symbolic":"call","expression":{"__symbolic":"reference","module":"@angular/core","name":"Component"},"arguments":[{"providers":[{"__symbolic":"reference","module":"./friends-service","name":"FriendsService"}],"templateUrl":"./caching-demo.html"}]}],"members":{"__ctor__":[{"__symbolic":"constructor","parameters":[{"__symbolic":"reference","module":"./friends-service","name":"FriendsService"}]}],"remove":[{"__symbolic":"method"}],"reset":[{"__symbolic":"method"}],"clearCache":[{"__symbolic":"method"}]}}}}]