[{"__symbolic":"module","version":3,"metadata":{"FriendsService":{"__symbolic":"class","decorators":[{"__symbolic":"call","expression":{"__symbolic":"reference","module":"@angular/core","name":"Injectable"}}],"members":{"__ctor__":[{"__symbolic":"constructor","parameters":[{"__symbolic":"reference","module":"@angular/http","name":"Http"}]}],"clearCache":[{"__symbolic":"method"}],"getFriends":[{"__symbolic":"method"}]}}}},{"__symbolic":"module","version":1,"metadata":{"FriendsService":{"__symbolic":"class","decorators":[{"__symbolic":"call","expression":{"__symbolic":"reference","module":"@angular/core","name":"Injectable"}}],"members":{"__ctor__":[{"__symbolic":"constructor","parameters":[{"__symbolic":"reference","module":"@angular/http","name":"Http"}]}],"clearCache":[{"__symbolic":"method"}],"getFriends":[{"__symbolic":"method"}]}}}}]