[{"__symbolic":"module","version":3,"metadata":{"FriendsList":{"__symbolic":"class","decorators":[{"__symbolic":"call","expression":{"__symbolic":"reference","module":"@angular/core","name":"Component"},"arguments":[{"selector":"friends-list","template":"\n    <div *ngFor=\"let friend of friends\">\n      {{friend}}\n    </div>\n    <button (click)=\"loadData()\">Reload</button>\n  "}]}],"members":{"__ctor__":[{"__symbolic":"constructor","parameters":[{"__symbolic":"reference","module":"./friends-service","name":"FriendsService"}]}],"loadData":[{"__symbolic":"method"}],"ngOnInit":[{"__symbolic":"method"}],"ngOnDestroy":[{"__symbolic":"method"}]}}}},{"__symbolic":"module","version":1,"metadata":{"FriendsList":{"__symbolic":"class","decorators":[{"__symbolic":"call","expression":{"__symbolic":"reference","module":"@angular/core","name":"Component"},"arguments":[{"selector":"friends-list","template":"\n    <div *ngFor=\"let friend of friends\">\n      {{friend}}\n    </div>\n    <button (click)=\"loadData()\">Reload</button>\n  "}]}],"members":{"__ctor__":[{"__symbolic":"constructor","parameters":[{"__symbolic":"reference","module":"./friends-service","name":"FriendsService"}]}],"loadData":[{"__symbolic":"method"}],"ngOnInit":[{"__symbolic":"method"}],"ngOnDestroy":[{"__symbolic":"method"}]}}}}]