[{"__symbolic":"module","version":3,"metadata":{"JqueryIntegration":{"__symbolic":"class","decorators":[{"__symbolic":"call","expression":{"__symbolic":"reference","module":"@angular/core","name":"Component"},"arguments":[{"selector":"jquery-integration","templateUrl":"./jquery-integration.html"}]}],"members":{"__ctor__":[{"__symbolic":"constructor","parameterDecorators":[[{"__symbolic":"call","expression":{"__symbolic":"reference","module":"@angular/core","name":"Inject"},"arguments":[{"__symbolic":"reference","module":"@angular/core","name":"ElementRef"}]}]],"parameters":[{"__symbolic":"reference","module":"@angular/core","name":"ElementRef"}]}],"ngOnInit":[{"__symbolic":"method"}]}}}},{"__symbolic":"module","version":1,"metadata":{"JqueryIntegration":{"__symbolic":"class","decorators":[{"__symbolic":"call","expression":{"__symbolic":"reference","module":"@angular/core","name":"Component"},"arguments":[{"selector":"jquery-integration","templateUrl":"./jquery-integration.html"}]}],"members":{"__ctor__":[{"__symbolic":"constructor","parameterDecorators":[[{"__symbolic":"call","expression":{"__symbolic":"reference","module":"@angular/core","name":"Inject"},"arguments":[{"__symbolic":"reference","module":"@angular/core","name":"ElementRef"}]}]],"parameters":[{"__symbolic":"reference","module":"@angular/core","name":"ElementRef"}]}],"ngOnInit":[{"__symbolic":"method"}]}}}}]